timestamp,symbol,fundingInterval,fundingrates,fundingRateDaily

2022-01-01T04:00:00.000Z,ETHUSDT,2000-01-01T08:00:00.000Z,0.0001,0.00030000000000000003

2022-01-01T12:00:00.000Z,ETHUSDT,2000-01-01T08:00:00.000Z,0.0001,0.00030000000000000003

2022-01-01T20:00:00.000Z,ETHUSDT,2000-01-01T08:00:00.000Z,0.0001,0.00030000000000000003

2022-01-02T04:00:00.000Z,ETHUSDT,2000-01-01T08:00:00.000Z,0.0001,0.00030000000000000003

2022-01-02T12:00:00.000Z,ETHUSDT,2000-01-01T08:00:00.000Z,0.0001,0.00030000000000000003

2022-01-02T20:00:00.000Z,ETHUSDT,2000-01-01T08:00:00.000Z,0.0001,0.00030000000000000003

2022-01-03T04:00:00.000Z,ETHUSDT,2000-01-01T08:00:00.000Z,0.0001,0.00030000000000000003

2022-01-03T12:00:00.000Z,ETHUSDT,2000-01-01T08:00:00.000Z,0.0001,0.00030000000000000003

2022-01-03T20:00:00.000Z,ETHUSDT,2000-01-01T08:00:00.000Z,0.0001,0.00030000000000000003

2022-01-04T04:00:00.000Z,ETHUSDT,2000-01-01T08:00:00.000Z,0.0001,0.00030000000000000003

2022-01-04T12:00:00.000Z,ETHUSDT,2000-01-01T08:00:00.000Z,0.0001,0.00030000000000000003

2022-01-04T20:00:00.000Z,ETHUSDT,2000-01-01T08:00:00.000Z,0.0001,0.00030000000000000003

2022-01-05T04:00:00.000Z,ETHUSDT,2000-01-01T08:00:00.000Z,0.0001,0.00030000000000000003

2022-01-05T12:00:00.000Z,ETHUSDT,2000-01-01T08:00:00.000Z,0.0001,0.00030000000000000003

2022-01-05T20:00:00.000Z,ETHUSDT,2000-01-01T08:00:00.000Z,0.0001,0.00030000000000000003

2022-01-06T04:00:00.000Z,ETHUSDT,2000-01-01T08:00:00.000Z,0.0001,0.00030000000000000003

2022-01-06T12:00:00.000Z,ETHUSDT,2000-01-01T08:00:00.000Z,0.0001,0.00030000000000000003

2022-01-06T20:00:00.000Z,ETHUSDT,2000-01-01T08:00:00.000Z,0.0001,0.00030000000000000003

2022-01-07T04:00:00.000Z,ETHUSDT,2000-01-01T08:00:00.000Z,0.0001,0.00030000000000000003

2022-01-07T12:00:00.000Z,ETHUSDT,2000-01-01T08:00:00.000Z,0.0001,0.00030000000000000003

2022-01-07T20:00:00.000Z,ETHUSDT,2000-01-01T08:00:00.000Z,0.0001,0.00030000000000000003

2022-01-08T04:00:00.000Z,ETHUSDT,2000-01-01T08:00:00.000Z,0.0001,0.00030000000000000003

2022-01-08T12:00:00.000Z,ETHUSDT,2000-01-01T08:00:00.000Z,0.0001,0.00030000000000000003

2022-01-08T20:00:00.000Z,ETHUSDT,2000-01-01T08:00:00.000Z,0.0001,0.00030000000000000003

2022-01-09T04:00:00.000Z,ETHUSDT,2000-01-01T08:00:00.000Z,0.0001,0.00030000000000000003

2022-01-09T12:00:00.000Z,ETHUSDT,2000-01-01T08:00:00.000Z,0.0001,0.00030000000000000003

2022-01-09T20:00:00.000Z,ETHUSDT,2000-01-01T08:00:00.000Z,2.1e-05,6.3e-05

2022-01-10T04:00:00.000Z,ETHUSDT,2000-01-01T08:00:00.000Z,0.0001,0.00030000000000000003

2022-01-10T12:00:00.000Z,ETHUSDT,2000-01-01T08:00:00.000Z,-8.8e-05,-0.000264

2022-01-10T20:00:00.000Z,ETHUSDT,2000-01-01T08:00:00.000Z,0.0001,0.00030000000000000003

2022-01-11T04:00:00.000Z,ETHUSDT,2000-01-01T08:00:00.000Z,0.0001,0.00030000000000000003

2022-01-11T12:00:00.000Z,ETHUSDT,2000-01-01T08:00:00.000Z,0.0001,0.00030000000000000003

2022-01-11T20:00:00.000Z,ETHUSDT,2000-01-01T08:00:00.000Z,0.0001,0.00030000000000000003

2022-01-12T04:00:00.000Z,ETHUSDT,2000-01-01T08:00:00.000Z,0.0001,0.00030000000000000003

2022-01-12T12:00:00.000Z,ETHUSDT,2000-01-01T08:00:00.000Z,-0.000159,-0.000477

2022-01-12T20:00:00.000Z,ETHUSDT,2000-01-01T08:00:00.000Z,1e-05,3.0000000000000004e-05

2022-01-13T04:00:00.000Z,ETHUSDT,2000-01-01T08:00:00.000Z,0.0001,0.00030000000000000003

2022-01-13T12:00:00.000Z,ETHUSDT,2000-01-01T08:00:00.000Z,0.0001,0.00030000000000000003

2022-01-13T20:00:00.000Z,ETHUSDT,2000-01-01T08:00:00.000Z,0.0001,0.00030000000000000003

2022-01-14T04:00:00.000Z,ETHUSDT,2000-01-01T08:00:00.000Z,0.0001,0.00030000000000000003

2022-01-14T12:00:00.000Z,ETHUSDT,2000-01-01T08:00:00.000Z,0.0001,0.00030000000000000003

2022-01-14T20:00:00.000Z,ETHUSDT,2000-01-01T08:00:00.000Z,0.0001,0.00030000000000000003

2022-01-15T04:00:00.000Z,ETHUSDT,2000-01-01T08:00:00.000Z,0.0001,0.00030000000000000003

2022-01-15T12:00:00.000Z,ETHUSDT,2000-01-01T08:00:00.000Z,0.0001,0.00030000000000000003

2022-01-15T20:00:00.000Z,ETHUSDT,2000-01-01T08:00:00.000Z,0.0001,0.00030000000000000003

2022-01-16T04:00:00.000Z,ETHUSDT,2000-01-01T08:00:00.000Z,0.0001,0.00030000000000000003

2022-01-16T12:00:00.000Z,ETHUSDT,2000-01-01T08:00:00.000Z,0.0001,0.00030000000000000003

2022-01-16T20:00:00.000Z,ETHUSDT,2000-01-01T08:00:00.000Z,0.0001,0.00030000000000000003

2022-01-17T04:00:00.000Z,ETHUSDT,2000-01-01T08:00:00.000Z,0.0001,0.00030000000000000003

2022-01-17T12:00:00.000Z,ETHUSDT,2000-01-01T08:00:00.000Z,0.0001,0.00030000000000000003

2022-01-17T20:00:00.000Z,ETHUSDT,2000-01-01T08:00:00.000Z,0.0001,0.00030000000000000003

2022-01-18T04:00:00.000Z,ETHUSDT,2000-01-01T08:00:00.000Z,0.0001,0.00030000000000000003

2022-01-18T12:00:00.000Z,ETHUSDT,2000-01-01T08:00:00.000Z,0.0001,0.00030000000000000003

2022-01-18T20:00:00.000Z,ETHUSDT,2000-01-01T08:00:00.000Z,0.0001,0.00030000000000000003

2022-01-19T04:00:00.000Z,ETHUSDT,2000-01-01T08:00:00.000Z,0.0001,0.00030000000000000003

2022-01-19T12:00:00.000Z,ETHUSDT,2000-01-01T08:00:00.000Z,0.0001,0.00030000000000000003

2022-01-19T20:00:00.000Z,ETHUSDT,2000-01-01T08:00:00.000Z,0.0001,0.00030000000000000003

2022-01-20T04:00:00.000Z,ETHUSDT,2000-01-01T08:00:00.000Z,0.0001,0.00030000000000000003

2022-01-20T12:00:00.000Z,ETHUSDT,2000-01-01T08:00:00.000Z,0.0001,0.00030000000000000003

2022-01-20T20:00:00.000Z,ETHUSDT,2000-01-01T08:00:00.000Z,0.0001,0.00030000000000000003

2022-01-21T04:00:00.000Z,ETHUSDT,2000-01-01T08:00:00.000Z,0.0001,0.00030000000000000003

2022-01-21T12:00:00.000Z,ETHUSDT,2000-01-01T08:00:00.000Z,0.0001,0.00030000000000000003

2022-01-21T20:00:00.000Z,ETHUSDT,2000-01-01T08:00:00.000Z,0.0001,0.00030000000000000003

2022-01-22T04:00:00.000Z,ETHUSDT,2000-01-01T08:00:00.000Z,0.0001,0.00030000000000000003

2022-01-22T12:00:00.000Z,ETHUSDT,2000-01-01T08:00:00.000Z,0.0001,0.00030000000000000003

2022-01-22T20:00:00.000Z,ETHUSDT,2000-01-01T08:00:00.000Z,0.0001,0.00030000000000000003

2022-01-23T04:00:00.000Z,ETHUSDT,2000-01-01T08:00:00.000Z,0.0001,0.00030000000000000003

2022-01-23T12:00:00.000Z,ETHUSDT,2000-01-01T08:00:00.000Z,0.0001,0.00030000000000000003

2022-01-23T20:00:00.000Z,ETHUSDT,2000-01-01T08:00:00.000Z,0.0001,0.00030000000000000003

2022-01-24T04:00:00.000Z,ETHUSDT,2000-01-01T08:00:00.000Z,0.0001,0.00030000000000000003

2022-01-24T12:00:00.000Z,ETHUSDT,2000-01-01T08:00:00.000Z,0.0001,0.00030000000000000003

2022-01-24T20:00:00.000Z,ETHUSDT,2000-01-01T08:00:00.000Z,0.0001,0.00030000000000000003

2022-01-25T04:00:00.000Z,ETHUSDT,2000-01-01T08:00:00.000Z,0.0001,0.00030000000000000003

2022-01-25T12:00:00.000Z,ETHUSDT,2000-01-01T08:00:00.000Z,0.0001,0.00030000000000000003

2022-01-25T20:00:00.000Z,ETHUSDT,2000-01-01T08:00:00.000Z,0.0001,0.00030000000000000003

2022-01-26T04:00:00.000Z,ETHUSDT,2000-01-01T08:00:00.000Z,0.0001,0.00030000000000000003

2022-01-26T12:00:00.000Z,ETHUSDT,2000-01-01T08:00:00.000Z,0.0001,0.00030000000000000003

2022-01-26T20:00:00.000Z,ETHUSDT,2000-01-01T08:00:00.000Z,0.0001,0.00030000000000000003

2022-01-27T04:00:00.000Z,ETHUSDT,2000-01-01T08:00:00.000Z,0.0001,0.00030000000000000003

2022-01-27T12:00:00.000Z,ETHUSDT,2000-01-01T08:00:00.000Z,0.0001,0.00030000000000000003

2022-01-27T20:00:00.000Z,ETHUSDT,2000-01-01T08:00:00.000Z,0.0001,0.00030000000000000003

2022-01-28T04:00:00.000Z,ETHUSDT,2000-01-01T08:00:00.000Z,0.0001,0.00030000000000000003

2022-01-28T12:00:00.000Z,ETHUSDT,2000-01-01T08:00:00.000Z,0.0001,0.00030000000000000003

2022-01-28T20:00:00.000Z,ETHUSDT,2000-01-01T08:00:00.000Z,0.0001,0.00030000000000000003

2022-01-29T04:00:00.000Z,ETHUSDT,2000-01-01T08:00:00.000Z,0.0001,0.00030000000000000003

2022-01-29T12:00:00.000Z,ETHUSDT,2000-01-01T08:00:00.000Z,0.0001,0.00030000000000000003

2022-01-29T20:00:00.000Z,ETHUSDT,2000-01-01T08:00:00.000Z,0.0001,0.00030000000000000003

2022-01-30T04:00:00.000Z,ETHUSDT,2000-01-01T08:00:00.000Z,0.0001,0.00030000000000000003

2022-01-30T12:00:00.000Z,ETHUSDT,2000-01-01T08:00:00.000Z,0.0001,0.00030000000000000003

2022-01-30T20:00:00.000Z,ETHUSDT,2000-01-01T08:00:00.000Z,0.0001,0.00030000000000000003

2022-01-31T04:00:00.000Z,ETHUSDT,2000-01-01T08:00:00.000Z,0.0001,0.00030000000000000003

2022-01-31T12:00:00.000Z,ETHUSDT,2000-01-01T08:00:00.000Z,0.0001,0.00030000000000000003

2022-01-31T20:00:00.000Z,ETHUSDT,2000-01-01T08:00:00.000Z,0.0001,0.00030000000000000003

2022-02-01T04:00:00.000Z,ETHUSDT,2000-01-01T08:00:00.000Z,0.0001,0.00030000000000000003

2022-02-01T12:00:00.000Z,ETHUSDT,2000-01-01T08:00:00.000Z,0.0001,0.00030000000000000003

2022-02-01T20:00:00.000Z,ETHUSDT,2000-01-01T08:00:00.000Z,0.0001,0.00030000000000000003

2022-02-02T04:00:00.000Z,ETHUSDT,2000-01-01T08:00:00.000Z,0.0001,0.00030000000000000003

2022-02-02T12:00:00.000Z,ETHUSDT,2000-01-01T08:00:00.000Z,0.0001,0.00030000000000000003

2022-02-02T20:00:00.000Z,ETHUSDT,2000-01-01T08:00:00.000Z,0.0001,0.00030000000000000003

2022-02-03T04:00:00.000Z,ETHUSDT,2000-01-01T08:00:00.000Z,0.0001,0.00030000000000000003

2022-02-03T12:00:00.000Z,ETHUSDT,2000-01-01T08:00:00.000Z,0.0001,0.00030000000000000003

2022-02-03T20:00:00.000Z,ETHUSDT,2000-01-01T08:00:00.000Z,0.0001,0.00030000000000000003

2022-02-04T04:00:00.000Z,ETHUSDT,2000-01-01T08:00:00.000Z,0.0001,0.00030000000000000003

2022-02-04T12:00:00.000Z,ETHUSDT,2000-01-01T08:00:00.000Z,0.0001,0.00030000000000000003

2022-02-04T20:00:00.000Z,ETHUSDT,2000-01-01T08:00:00.000Z,0.0001,0.00030000000000000003

2022-02-05T04:00:00.000Z,ETHUSDT,2000-01-01T08:00:00.000Z,0.0001,0.00030000000000000003

2022-02-05T12:00:00.000Z,ETHUSDT,2000-01-01T08:00:00.000Z,0.0001,0.00030000000000000003

2022-02-05T20:00:00.000Z,ETHUSDT,2000-01-01T08:00:00.000Z,0.0001,0.00030000000000000003

2022-02-06T04:00:00.000Z,ETHUSDT,2000-01-01T08:00:00.000Z,0.0001,0.00030000000000000003

2022-02-06T12:00:00.000Z,ETHUSDT,2000-01-01T08:00:00.000Z,0.0001,0.00030000000000000003

2022-02-06T20:00:00.000Z,ETHUSDT,2000-01-01T08:00:00.000Z,0.0001,0.00030000000000000003

2022-02-07T04:00:00.000Z,ETHUSDT,2000-01-01T08:00:00.000Z,0.0001,0.00030000000000000003

2022-02-07T12:00:00.000Z,ETHUSDT,2000-01-01T08:00:00.000Z,0.0001,0.00030000000000000003

2022-02-07T20:00:00.000Z,ETHUSDT,2000-01-01T08:00:00.000Z,0.0001,0.00030000000000000003

2022-02-08T04:00:00.000Z,ETHUSDT,2000-01-01T08:00:00.000Z,0.0001,0.00030000000000000003

2022-02-08T12:00:00.000Z,ETHUSDT,2000-01-01T08:00:00.000Z,0.0001,0.00030000000000000003

2022-02-08T20:00:00.000Z,ETHUSDT,2000-01-01T08:00:00.000Z,0.0001,0.00030000000000000003

2022-02-09T04:00:00.000Z,ETHUSDT,2000-01-01T08:00:00.000Z,0.0001,0.00030000000000000003

2022-02-09T12:00:00.000Z,ETHUSDT,2000-01-01T08:00:00.000Z,0.0001,0.00030000000000000003

2022-02-09T20:00:00.000Z,ETHUSDT,2000-01-01T08:00:00.000Z,0.0001,0.00030000000000000003

2022-02-10T04:00:00.000Z,ETHUSDT,2000-01-01T08:00:00.000Z,0.0001,0.00030000000000000003

2022-02-10T12:00:00.000Z,ETHUSDT,2000-01-01T08:00:00.000Z,0.0001,0.00030000000000000003

2022-02-10T20:00:00.000Z,ETHUSDT,2000-01-01T08:00:00.000Z,0.0001,0.00030000000000000003

2022-02-11T04:00:00.000Z,ETHUSDT,2000-01-01T08:00:00.000Z,0.0001,0.00030000000000000003

2022-02-11T12:00:00.000Z,ETHUSDT,2000-01-01T08:00:00.000Z,0.0001,0.00030000000000000003

2022-02-11T20:00:00.000Z,ETHUSDT,2000-01-01T08:00:00.000Z,0.0001,0.00030000000000000003

2022-02-12T04:00:00.000Z,ETHUSDT,2000-01-01T08:00:00.000Z,0.0001,0.00030000000000000003

2022-02-12T12:00:00.000Z,ETHUSDT,2000-01-01T08:00:00.000Z,0.0001,0.00030000000000000003

2022-02-12T20:00:00.000Z,ETHUSDT,2000-01-01T08:00:00.000Z,0.0001,0.00030000000000000003

2022-02-13T04:00:00.000Z,ETHUSDT,2000-01-01T08:00:00.000Z,0.0001,0.00030000000000000003

2022-02-13T12:00:00.000Z,ETHUSDT,2000-01-01T08:00:00.000Z,0.0001,0.00030000000000000003

2022-02-13T20:00:00.000Z,ETHUSDT,2000-01-01T08:00:00.000Z,0.0001,0.00030000000000000003

2022-02-14T04:00:00.000Z,ETHUSDT,2000-01-01T08:00:00.000Z,0.0001,0.00030000000000000003

2022-02-14T12:00:00.000Z,ETHUSDT,2000-01-01T08:00:00.000Z,0.0001,0.00030000000000000003

2022-02-14T20:00:00.000Z,ETHUSDT,2000-01-01T08:00:00.000Z,0.0001,0.00030000000000000003

2022-02-15T04:00:00.000Z,ETHUSDT,2000-01-01T08:00:00.000Z,0.0001,0.00030000000000000003

2022-02-15T12:00:00.000Z,ETHUSDT,2000-01-01T08:00:00.000Z,0.0001,0.00030000000000000003

2022-02-15T20:00:00.000Z,ETHUSDT,2000-01-01T08:00:00.000Z,0.0001,0.00030000000000000003

2022-02-16T04:00:00.000Z,ETHUSDT,2000-01-01T08:00:00.000Z,0.0001,0.00030000000000000003

2022-02-16T12:00:00.000Z,ETHUSDT,2000-01-01T08:00:00.000Z,0.0001,0.00030000000000000003

2022-02-16T20:00:00.000Z,ETHUSDT,2000-01-01T08:00:00.000Z,0.0001,0.00030000000000000003

2022-02-17T04:00:00.000Z,ETHUSDT,2000-01-01T08:00:00.000Z,0.0001,0.00030000000000000003

2022-02-17T12:00:00.000Z,ETHUSDT,2000-01-01T08:00:00.000Z,0.0001,0.00030000000000000003

2022-02-17T20:00:00.000Z,ETHUSDT,2000-01-01T08:00:00.000Z,4.1e-05,0.000123

2022-02-18T04:00:00.000Z,ETHUSDT,2000-01-01T08:00:00.000Z,6e-06,1.8e-05

2022-02-18T12:00:00.000Z,ETHUSDT,2000-01-01T08:00:00.000Z,0.0001,0.00030000000000000003

2022-02-18T20:00:00.000Z,ETHUSDT,2000-01-01T08:00:00.000Z,9.9e-05,0.00029699999999999996

2022-02-19T04:00:00.000Z,ETHUSDT,2000-01-01T08:00:00.000Z,0.0001,0.00030000000000000003

2022-02-19T12:00:00.000Z,ETHUSDT,2000-01-01T08:00:00.000Z,0.0001,0.00030000000000000003

2022-02-19T20:00:00.000Z,ETHUSDT,2000-01-01T08:00:00.000Z,3.2e-05,9.6e-05

2022-02-20T04:00:00.000Z,ETHUSDT,2000-01-01T08:00:00.000Z,8.3e-05,0.000249

2022-02-20T12:00:00.000Z,ETHUSDT,2000-01-01T08:00:00.000Z,-0.000105,-0.000315

2022-02-20T20:00:00.000Z,ETHUSDT,2000-01-01T08:00:00.000Z,3.9e-05,0.000117

2022-02-21T04:00:00.000Z,ETHUSDT,2000-01-01T08:00:00.000Z,0.0001,0.00030000000000000003

2022-02-21T12:00:00.000Z,ETHUSDT,2000-01-01T08:00:00.000Z,0.0001,0.00030000000000000003

2022-02-21T20:00:00.000Z,ETHUSDT,2000-01-01T08:00:00.000Z,0.0001,0.00030000000000000003

2022-02-22T04:00:00.000Z,ETHUSDT,2000-01-01T08:00:00.000Z,0.0001,0.00030000000000000003

2022-02-22T12:00:00.000Z,ETHUSDT,2000-01-01T08:00:00.000Z,0.0001,0.00030000000000000003

2022-02-22T20:00:00.000Z,ETHUSDT,2000-01-01T08:00:00.000Z,0.0001,0.00030000000000000003

2022-02-23T04:00:00.000Z,ETHUSDT,2000-01-01T08:00:00.000Z,0.0001,0.00030000000000000003

2022-02-23T12:00:00.000Z,ETHUSDT,2000-01-01T08:00:00.000Z,0.0001,0.00030000000000000003

2022-02-23T20:00:00.000Z,ETHUSDT,2000-01-01T08:00:00.000Z,0.0001,0.00030000000000000003

2022-02-24T04:00:00.000Z,ETHUSDT,2000-01-01T08:00:00.000Z,6.8e-05,0.000204

2022-02-24T12:00:00.000Z,ETHUSDT,2000-01-01T08:00:00.000Z,9.5e-05,0.000285

2022-02-24T20:00:00.000Z,ETHUSDT,2000-01-01T08:00:00.000Z,0.0001,0.00030000000000000003

2022-02-25T04:00:00.000Z,ETHUSDT,2000-01-01T08:00:00.000Z,0.0001,0.00030000000000000003

2022-02-25T12:00:00.000Z,ETHUSDT,2000-01-01T08:00:00.000Z,0.0001,0.00030000000000000003

2022-02-25T20:00:00.000Z,ETHUSDT,2000-01-01T08:00:00.000Z,8.3e-05,0.000249

2022-02-26T04:00:00.000Z,ETHUSDT,2000-01-01T08:00:00.000Z,6e-05,0.00018

2022-02-26T12:00:00.000Z,ETHUSDT,2000-01-01T08:00:00.000Z,-3.8e-05,-0.000114

2022-02-26T20:00:00.000Z,ETHUSDT,2000-01-01T08:00:00.000Z,-7.2e-05,-0.000216

2022-02-27T04:00:00.000Z,ETHUSDT,2000-01-01T08:00:00.000Z,-6.7e-05,-0.000201

2022-02-27T12:00:00.000Z,ETHUSDT,2000-01-01T08:00:00.000Z,-0.00011,-0.00033

2022-02-27T20:00:00.000Z,ETHUSDT,2000-01-01T08:00:00.000Z,2.7e-05,8.099999999999999e-05

2022-02-28T04:00:00.000Z,ETHUSDT,2000-01-01T08:00:00.000Z,0.0001,0.00030000000000000003

2022-02-28T12:00:00.000Z,ETHUSDT,2000-01-01T08:00:00.000Z,7.9e-05,0.000237

2022-02-28T20:00:00.000Z,ETHUSDT,2000-01-01T08:00:00.000Z,0.0001,0.00030000000000000003

2022-03-01T04:00:00.000Z,ETHUSDT,2000-01-01T08:00:00.000Z,0.0001,0.00030000000000000003

2022-03-01T12:00:00.000Z,ETHUSDT,2000-01-01T08:00:00.000Z,0.0001,0.00030000000000000003

2022-03-01T20:00:00.000Z,ETHUSDT,2000-01-01T08:00:00.000Z,0.0001,0.00030000000000000003

2022-03-02T04:00:00.000Z,ETHUSDT,2000-01-01T08:00:00.000Z,0.0001,0.00030000000000000003

2022-03-02T12:00:00.000Z,ETHUSDT,2000-01-01T08:00:00.000Z,0.0001,0.00030000000000000003

2022-03-02T20:00:00.000Z,ETHUSDT,2000-01-01T08:00:00.000Z,0.0001,0.00030000000000000003

2022-03-03T04:00:00.000Z,ETHUSDT,2000-01-01T08:00:00.000Z,0.0001,0.00030000000000000003

2022-03-03T12:00:00.000Z,ETHUSDT,2000-01-01T08:00:00.000Z,0.0001,0.00030000000000000003

2022-03-03T20:00:00.000Z,ETHUSDT,2000-01-01T08:00:00.000Z,0.0001,0.00030000000000000003

2022-03-04T04:00:00.000Z,ETHUSDT,2000-01-01T08:00:00.000Z,0.0001,0.00030000000000000003

2022-03-04T12:00:00.000Z,ETHUSDT,2000-01-01T08:00:00.000Z,0.0001,0.00030000000000000003

2022-03-04T20:00:00.000Z,ETHUSDT,2000-01-01T08:00:00.000Z,0.0001,0.00030000000000000003

2022-03-05T04:00:00.000Z,ETHUSDT,2000-01-01T08:00:00.000Z,0.0001,0.00030000000000000003

2022-03-05T12:00:00.000Z,ETHUSDT,2000-01-01T08:00:00.000Z,0.0001,0.00030000000000000003

2022-03-05T20:00:00.000Z,ETHUSDT,2000-01-01T08:00:00.000Z,-1.3e-05,-3.9e-05

2022-03-06T04:00:00.000Z,ETHUSDT,2000-01-01T08:00:00.000Z,0.0001,0.00030000000000000003

2022-03-06T12:00:00.000Z,ETHUSDT,2000-01-01T08:00:00.000Z,4e-05,0.00012000000000000002

2022-03-06T20:00:00.000Z,ETHUSDT,2000-01-01T08:00:00.000Z,8e-05,0.00024000000000000003

2022-03-07T04:00:00.000Z,ETHUSDT,2000-01-01T08:00:00.000Z,0.0001,0.00030000000000000003

2022-03-07T12:00:00.000Z,ETHUSDT,2000-01-01T08:00:00.000Z,7.3e-05,0.000219

2022-03-07T20:00:00.000Z,ETHUSDT,2000-01-01T08:00:00.000Z,0.0001,0.00030000000000000003

2022-03-08T04:00:00.000Z,ETHUSDT,2000-01-01T08:00:00.000Z,0.0001,0.00030000000000000003

2022-03-08T12:00:00.000Z,ETHUSDT,2000-01-01T08:00:00.000Z,8.8e-05,0.000264

2022-03-08T20:00:00.000Z,ETHUSDT,2000-01-01T08:00:00.000Z,0.0001,0.00030000000000000003

2022-03-09T04:00:00.000Z,ETHUSDT,2000-01-01T08:00:00.000Z,0.0001,0.00030000000000000003

2022-03-09T12:00:00.000Z,ETHUSDT,2000-01-01T08:00:00.000Z,0.0001,0.00030000000000000003

2022-03-09T20:00:00.000Z,ETHUSDT,2000-01-01T08:00:00.000Z,0.0001,0.00030000000000000003

2022-03-10T04:00:00.000Z,ETHUSDT,2000-01-01T08:00:00.000Z,0.0001,0.00030000000000000003

2022-03-10T12:00:00.000Z,ETHUSDT,2000-01-01T08:00:00.000Z,2.2e-05,6.6e-05

2022-03-10T20:00:00.000Z,ETHUSDT,2000-01-01T08:00:00.000Z,-0.000151,-0.00045300000000000006

2022-03-11T04:00:00.000Z,ETHUSDT,2000-01-01T08:00:00.000Z,-5e-06,-1.5000000000000002e-05

2022-03-11T12:00:00.000Z,ETHUSDT,2000-01-01T08:00:00.000Z,-6.5e-05,-0.00019499999999999997

2022-03-11T20:00:00.000Z,ETHUSDT,2000-01-01T08:00:00.000Z,0.0001,0.00030000000000000003

2022-03-12T04:00:00.000Z,ETHUSDT,2000-01-01T08:00:00.000Z,-4e-06,-1.2e-05

2022-03-12T12:00:00.000Z,ETHUSDT,2000-01-01T08:00:00.000Z,-1.2e-05,-3.6e-05

2022-03-12T20:00:00.000Z,ETHUSDT,2000-01-01T08:00:00.000Z,-0.000177,-0.000531

2022-03-13T04:00:00.000Z,ETHUSDT,2000-01-01T08:00:00.000Z,-0.000199,-0.0005970000000000001

2022-03-13T12:00:00.000Z,ETHUSDT,2000-01-01T08:00:00.000Z,-3.2e-05,-9.6e-05

2022-03-13T20:00:00.000Z,ETHUSDT,2000-01-01T08:00:00.000Z,3.4e-05,0.000102

2022-03-14T04:00:00.000Z,ETHUSDT,2000-01-01T08:00:00.000Z,-4e-05,-0.00012000000000000002

2022-03-14T12:00:00.000Z,ETHUSDT,2000-01-01T08:00:00.000Z,-6.2e-05,-0.00018600000000000002

2022-03-14T20:00:00.000Z,ETHUSDT,2000-01-01T08:00:00.000Z,0.0001,0.00030000000000000003

2022-03-15T04:00:00.000Z,ETHUSDT,2000-01-01T08:00:00.000Z,0.0001,0.00030000000000000003

2022-03-15T12:00:00.000Z,ETHUSDT,2000-01-01T08:00:00.000Z,0.0001,0.00030000000000000003

2022-03-15T20:00:00.000Z,ETHUSDT,2000-01-01T08:00:00.000Z,6.4e-05,0.000192

2022-03-16T04:00:00.000Z,ETHUSDT,2000-01-01T08:00:00.000Z,0.0001,0.00030000000000000003

2022-03-16T12:00:00.000Z,ETHUSDT,2000-01-01T08:00:00.000Z,0.0001,0.00030000000000000003

2022-03-16T20:00:00.000Z,ETHUSDT,2000-01-01T08:00:00.000Z,0.0001,0.00030000000000000003

2022-03-17T04:00:00.000Z,ETHUSDT,2000-01-01T08:00:00.000Z,7.9e-05,0.000237

2022-03-17T12:00:00.000Z,ETHUSDT,2000-01-01T08:00:00.000Z,5e-06,1.5000000000000002e-05

2022-03-17T20:00:00.000Z,ETHUSDT,2000-01-01T08:00:00.000Z,-1.3e-05,-3.9e-05

2022-03-18T04:00:00.000Z,ETHUSDT,2000-01-01T08:00:00.000Z,1.3e-05,3.9e-05

2022-03-18T12:00:00.000Z,ETHUSDT,2000-01-01T08:00:00.000Z,-0.000209,-0.0006270000000000001

2022-03-18T20:00:00.000Z,ETHUSDT,2000-01-01T08:00:00.000Z,-5.2e-05,-0.000156

2022-03-19T04:00:00.000Z,ETHUSDT,2000-01-01T08:00:00.000Z,-0.000165,-0.000495

2022-03-19T12:00:00.000Z,ETHUSDT,2000-01-01T08:00:00.000Z,-0.00017,-0.00051

2022-03-19T20:00:00.000Z,ETHUSDT,2000-01-01T08:00:00.000Z,0.0001,0.00030000000000000003

2022-03-20T04:00:00.000Z,ETHUSDT,2000-01-01T08:00:00.000Z,-2.5e-05,-7.500000000000001e-05

2022-03-20T12:00:00.000Z,ETHUSDT,2000-01-01T08:00:00.000Z,0.0001,0.00030000000000000003

2022-03-20T20:00:00.000Z,ETHUSDT,2000-01-01T08:00:00.000Z,0.0001,0.00030000000000000003

2022-03-21T04:00:00.000Z,ETHUSDT,2000-01-01T08:00:00.000Z,0.0001,0.00030000000000000003

2022-03-21T12:00:00.000Z,ETHUSDT,2000-01-01T08:00:00.000Z,0.0001,0.00030000000000000003

2022-03-21T20:00:00.000Z,ETHUSDT,2000-01-01T08:00:00.000Z,0.0001,0.00030000000000000003

2022-03-22T04:00:00.000Z,ETHUSDT,2000-01-01T08:00:00.000Z,-3.9e-05,-0.000117

2022-03-22T12:00:00.000Z,ETHUSDT,2000-01-01T08:00:00.000Z,0.0001,0.00030000000000000003

2022-03-22T20:00:00.000Z,ETHUSDT,2000-01-01T08:00:00.000Z,0.0001,0.00030000000000000003

2022-03-23T04:00:00.000Z,ETHUSDT,2000-01-01T08:00:00.000Z,0.0001,0.00030000000000000003

2022-03-23T12:00:00.000Z,ETHUSDT,2000-01-01T08:00:00.000Z,-0.000157,-0.00047099999999999996

2022-03-23T20:00:00.000Z,ETHUSDT,2000-01-01T08:00:00.000Z,-0.000155,-0.000465

2022-03-24T04:00:00.000Z,ETHUSDT,2000-01-01T08:00:00.000Z,-0.000229,-0.000687

2022-03-24T12:00:00.000Z,ETHUSDT,2000-01-01T08:00:00.000Z,4e-06,1.2e-05

2022-03-24T20:00:00.000Z,ETHUSDT,2000-01-01T08:00:00.000Z,0.0001,0.00030000000000000003

2022-03-25T04:00:00.000Z,ETHUSDT,2000-01-01T08:00:00.000Z,0.0001,0.00030000000000000003

2022-03-25T12:00:00.000Z,ETHUSDT,2000-01-01T08:00:00.000Z,0.0001,0.00030000000000000003

2022-03-25T20:00:00.000Z,ETHUSDT,2000-01-01T08:00:00.000Z,0.0001,0.00030000000000000003

2022-03-26T04:00:00.000Z,ETHUSDT,2000-01-01T08:00:00.000Z,2.6e-05,7.8e-05

2022-03-26T12:00:00.000Z,ETHUSDT,2000-01-01T08:00:00.000Z,0.0001,0.00030000000000000003

2022-03-26T20:00:00.000Z,ETHUSDT,2000-01-01T08:00:00.000Z,-4.5e-05,-0.000135

2022-03-27T04:00:00.000Z,ETHUSDT,2000-01-01T08:00:00.000Z,-0.000212,-0.0006360000000000001

2022-03-27T12:00:00.000Z,ETHUSDT,2000-01-01T08:00:00.000Z,5e-06,1.5000000000000002e-05

2022-03-27T20:00:00.000Z,ETHUSDT,2000-01-01T08:00:00.000Z,-0.000142,-0.00042600000000000005

2022-03-28T04:00:00.000Z,ETHUSDT,2000-01-01T08:00:00.000Z,2e-05,6.000000000000001e-05

2022-03-28T12:00:00.000Z,ETHUSDT,2000-01-01T08:00:00.000Z,0.0001,0.00030000000000000003

2022-03-28T20:00:00.000Z,ETHUSDT,2000-01-01T08:00:00.000Z,0.0001,0.00030000000000000003

2022-03-29T04:00:00.000Z,ETHUSDT,2000-01-01T08:00:00.000Z,0.0001,0.00030000000000000003

2022-03-29T12:00:00.000Z,ETHUSDT,2000-01-01T08:00:00.000Z,0.0001,0.00030000000000000003

2022-03-29T20:00:00.000Z,ETHUSDT,2000-01-01T08:00:00.000Z,0.0001,0.00030000000000000003

2022-03-30T04:00:00.000Z,ETHUSDT,2000-01-01T08:00:00.000Z,9.9e-05,0.00029699999999999996

2022-03-30T12:00:00.000Z,ETHUSDT,2000-01-01T08:00:00.000Z,0.0001,0.00030000000000000003

2022-03-30T20:00:00.000Z,ETHUSDT,2000-01-01T08:00:00.000Z,0.0001,0.00030000000000000003

2022-03-31T04:00:00.000Z,ETHUSDT,2000-01-01T08:00:00.000Z,0.0001,0.00030000000000000003

2022-03-31T12:00:00.000Z,ETHUSDT,2000-01-01T08:00:00.000Z,0.0001,0.00030000000000000003

2022-03-31T20:00:00.000Z,ETHUSDT,2000-01-01T08:00:00.000Z,8.7e-05,0.000261

2022-04-01T04:00:00.000Z,ETHUSDT,2000-01-01T08:00:00.000Z,0.0001,0.00030000000000000003

2022-04-01T12:00:00.000Z,ETHUSDT,2000-01-01T08:00:00.000Z,0.0001,0.00030000000000000003

2022-04-01T20:00:00.000Z,ETHUSDT,2000-01-01T08:00:00.000Z,0.0001,0.00030000000000000003

2022-04-02T04:00:00.000Z,ETHUSDT,2000-01-01T08:00:00.000Z,0.0001,0.00030000000000000003

2022-04-02T12:00:00.000Z,ETHUSDT,2000-01-01T08:00:00.000Z,0.0001,0.00030000000000000003

2022-04-02T20:00:00.000Z,ETHUSDT,2000-01-01T08:00:00.000Z,-7e-06,-2.1e-05

2022-04-03T04:00:00.000Z,ETHUSDT,2000-01-01T08:00:00.000Z,5.2e-05,0.000156

2022-04-03T12:00:00.000Z,ETHUSDT,2000-01-01T08:00:00.000Z,0.0001,0.00030000000000000003

2022-04-03T20:00:00.000Z,ETHUSDT,2000-01-01T08:00:00.000Z,0.0001,0.00030000000000000003

2022-04-04T04:00:00.000Z,ETHUSDT,2000-01-01T08:00:00.000Z,-2.6e-05,-7.8e-05

2022-04-04T12:00:00.000Z,ETHUSDT,2000-01-01T08:00:00.000Z,0.0001,0.00030000000000000003

2022-04-04T20:00:00.000Z,ETHUSDT,2000-01-01T08:00:00.000Z,1e-06,3e-06

2022-04-05T04:00:00.000Z,ETHUSDT,2000-01-01T08:00:00.000Z,8.6e-05,0.000258

2022-04-05T12:00:00.000Z,ETHUSDT,2000-01-01T08:00:00.000Z,3.5e-05,0.00010499999999999999

2022-04-05T20:00:00.000Z,ETHUSDT,2000-01-01T08:00:00.000Z,2.4e-05,7.2e-05

2022-04-06T04:00:00.000Z,ETHUSDT,2000-01-01T08:00:00.000Z,2.7e-05,8.099999999999999e-05

2022-04-06T12:00:00.000Z,ETHUSDT,2000-01-01T08:00:00.000Z,-5.1e-05,-0.000153

2022-04-06T20:00:00.000Z,ETHUSDT,2000-01-01T08:00:00.000Z,-8.5e-05,-0.000255

2022-04-07T04:00:00.000Z,ETHUSDT,2000-01-01T08:00:00.000Z,0.0001,0.00030000000000000003

2022-04-07T12:00:00.000Z,ETHUSDT,2000-01-01T08:00:00.000Z,0.0001,0.00030000000000000003

2022-04-07T20:00:00.000Z,ETHUSDT,2000-01-01T08:00:00.000Z,-2.5e-05,-7.500000000000001e-05

2022-04-08T04:00:00.000Z,ETHUSDT,2000-01-01T08:00:00.000Z,-3e-06,-9e-06

2022-04-08T12:00:00.000Z,ETHUSDT,2000-01-01T08:00:00.000Z,-0.000111,-0.000333

2022-04-08T20:00:00.000Z,ETHUSDT,2000-01-01T08:00:00.000Z,-8.8e-05,-0.000264

2022-04-09T04:00:00.000Z,ETHUSDT,2000-01-01T08:00:00.000Z,0.0001,0.00030000000000000003

2022-04-09T12:00:00.000Z,ETHUSDT,2000-01-01T08:00:00.000Z,0.0001,0.00030000000000000003

2022-04-09T20:00:00.000Z,ETHUSDT,2000-01-01T08:00:00.000Z,-1.8e-05,-5.4e-05

2022-04-10T04:00:00.000Z,ETHUSDT,2000-01-01T08:00:00.000Z,-5e-06,-1.5000000000000002e-05

2022-04-10T12:00:00.000Z,ETHUSDT,2000-01-01T08:00:00.000Z,-0.000221,-0.000663

2022-04-10T20:00:00.000Z,ETHUSDT,2000-01-01T08:00:00.000Z,-0.000172,-0.000516

2022-04-11T04:00:00.000Z,ETHUSDT,2000-01-01T08:00:00.000Z,-1.3e-05,-3.9e-05

2022-04-11T12:00:00.000Z,ETHUSDT,2000-01-01T08:00:00.000Z,-0.000136,-0.000408

2022-04-11T20:00:00.000Z,ETHUSDT,2000-01-01T08:00:00.000Z,9.4e-05,0.00028199999999999997

2022-04-12T04:00:00.000Z,ETHUSDT,2000-01-01T08:00:00.000Z,0.0001,0.00030000000000000003

2022-04-12T12:00:00.000Z,ETHUSDT,2000-01-01T08:00:00.000Z,0.0001,0.00030000000000000003

2022-04-12T20:00:00.000Z,ETHUSDT,2000-01-01T08:00:00.000Z,0.0001,0.00030000000000000003

2022-04-13T04:00:00.000Z,ETHUSDT,2000-01-01T08:00:00.000Z,0.0001,0.00030000000000000003

2022-04-13T12:00:00.000Z,ETHUSDT,2000-01-01T08:00:00.000Z,0.0001,0.00030000000000000003

2022-04-13T20:00:00.000Z,ETHUSDT,2000-01-01T08:00:00.000Z,0.0001,0.00030000000000000003

2022-04-14T04:00:00.000Z,ETHUSDT,2000-01-01T08:00:00.000Z,0.0001,0.00030000000000000003

2022-04-14T12:00:00.000Z,ETHUSDT,2000-01-01T08:00:00.000Z,0.0001,0.00030000000000000003

2022-04-14T20:00:00.000Z,ETHUSDT,2000-01-01T08:00:00.000Z,0.0001,0.00030000000000000003

2022-04-15T04:00:00.000Z,ETHUSDT,2000-01-01T08:00:00.000Z,0.0001,0.00030000000000000003

2022-04-15T12:00:00.000Z,ETHUSDT,2000-01-01T08:00:00.000Z,0.0001,0.00030000000000000003

2022-04-15T20:00:00.000Z,ETHUSDT,2000-01-01T08:00:00.000Z,5.6e-05,0.000168

2022-04-16T04:00:00.000Z,ETHUSDT,2000-01-01T08:00:00.000Z,0.0001,0.00030000000000000003

2022-04-16T12:00:00.000Z,ETHUSDT,2000-01-01T08:00:00.000Z,0.0001,0.00030000000000000003

2022-04-16T20:00:00.000Z,ETHUSDT,2000-01-01T08:00:00.000Z,2.4e-05,7.2e-05

2022-04-17T04:00:00.000Z,ETHUSDT,2000-01-01T08:00:00.000Z,0.0001,0.00030000000000000003

2022-04-17T12:00:00.000Z,ETHUSDT,2000-01-01T08:00:00.000Z,0.0001,0.00030000000000000003

2022-04-17T20:00:00.000Z,ETHUSDT,2000-01-01T08:00:00.000Z,2.6e-05,7.8e-05

2022-04-18T04:00:00.000Z,ETHUSDT,2000-01-01T08:00:00.000Z,-2.4e-05,-7.2e-05

2022-04-18T12:00:00.000Z,ETHUSDT,2000-01-01T08:00:00.000Z,5.4e-05,0.00016199999999999998

2022-04-18T20:00:00.000Z,ETHUSDT,2000-01-01T08:00:00.000Z,0.0001,0.00030000000000000003

2022-04-19T04:00:00.000Z,ETHUSDT,2000-01-01T08:00:00.000Z,0.0001,0.00030000000000000003

2022-04-19T12:00:00.000Z,ETHUSDT,2000-01-01T08:00:00.000Z,0.0001,0.00030000000000000003

2022-04-19T20:00:00.000Z,ETHUSDT,2000-01-01T08:00:00.000Z,6.9e-05,0.000207

2022-04-20T04:00:00.000Z,ETHUSDT,2000-01-01T08:00:00.000Z,8.5e-05,0.000255

2022-04-20T12:00:00.000Z,ETHUSDT,2000-01-01T08:00:00.000Z,-4.5e-05,-0.000135

2022-04-20T20:00:00.000Z,ETHUSDT,2000-01-01T08:00:00.000Z,-1.4e-05,-4.2e-05

2022-04-21T04:00:00.000Z,ETHUSDT,2000-01-01T08:00:00.000Z,2e-06,6e-06

2022-04-21T12:00:00.000Z,ETHUSDT,2000-01-01T08:00:00.000Z,-0.000158,-0.000474

2022-04-21T20:00:00.000Z,ETHUSDT,2000-01-01T08:00:00.000Z,-0.000101,-0.000303

2022-04-22T04:00:00.000Z,ETHUSDT,2000-01-01T08:00:00.000Z,1.7e-05,5.1e-05

2022-04-22T12:00:00.000Z,ETHUSDT,2000-01-01T08:00:00.000Z,-0.000202,-0.000606

2022-04-22T20:00:00.000Z,ETHUSDT,2000-01-01T08:00:00.000Z,-8.1e-05,-0.000243

2022-04-23T04:00:00.000Z,ETHUSDT,2000-01-01T08:00:00.000Z,0.0001,0.00030000000000000003

2022-04-23T12:00:00.000Z,ETHUSDT,2000-01-01T08:00:00.000Z,2.4e-05,7.2e-05

2022-04-23T20:00:00.000Z,ETHUSDT,2000-01-01T08:00:00.000Z,-5.3e-05,-0.00015900000000000002

2022-04-24T04:00:00.000Z,ETHUSDT,2000-01-01T08:00:00.000Z,-0.000188,-0.0005639999999999999

2022-04-24T12:00:00.000Z,ETHUSDT,2000-01-01T08:00:00.000Z,-9.3e-05,-0.000279

2022-04-24T20:00:00.000Z,ETHUSDT,2000-01-01T08:00:00.000Z,6e-06,1.8e-05

2022-04-25T04:00:00.000Z,ETHUSDT,2000-01-01T08:00:00.000Z,2.3e-05,6.9e-05

2022-04-25T12:00:00.000Z,ETHUSDT,2000-01-01T08:00:00.000Z,-4.7e-05,-0.00014099999999999998

2022-04-25T20:00:00.000Z,ETHUSDT,2000-01-01T08:00:00.000Z,-7.4e-05,-0.00022199999999999998

2022-04-26T04:00:00.000Z,ETHUSDT,2000-01-01T08:00:00.000Z,3.9e-05,0.000117

2022-04-26T12:00:00.000Z,ETHUSDT,2000-01-01T08:00:00.000Z,-0.000114,-0.000342

2022-04-26T20:00:00.000Z,ETHUSDT,2000-01-01T08:00:00.000Z,4.1e-05,0.000123

2022-04-27T04:00:00.000Z,ETHUSDT,2000-01-01T08:00:00.000Z,0.0001,0.00030000000000000003

2022-04-27T12:00:00.000Z,ETHUSDT,2000-01-01T08:00:00.000Z,0.0001,0.00030000000000000003

2022-04-27T20:00:00.000Z,ETHUSDT,2000-01-01T08:00:00.000Z,7.5e-05,0.000225

2022-04-28T04:00:00.000Z,ETHUSDT,2000-01-01T08:00:00.000Z,0.0001,0.00030000000000000003

2022-04-28T12:00:00.000Z,ETHUSDT,2000-01-01T08:00:00.000Z,5e-05,0.00015000000000000001

2022-04-28T20:00:00.000Z,ETHUSDT,2000-01-01T08:00:00.000Z,-3e-06,-9e-06

2022-04-29T04:00:00.000Z,ETHUSDT,2000-01-01T08:00:00.000Z,9.5e-05,0.000285

2022-04-29T12:00:00.000Z,ETHUSDT,2000-01-01T08:00:00.000Z,6.9e-05,0.000207

2022-04-29T20:00:00.000Z,ETHUSDT,2000-01-01T08:00:00.000Z,0.0001,0.00030000000000000003

2022-04-30T04:00:00.000Z,ETHUSDT,2000-01-01T08:00:00.000Z,0.0001,0.00030000000000000003

2022-04-30T12:00:00.000Z,ETHUSDT,2000-01-01T08:00:00.000Z,0.0001,0.00030000000000000003

2022-04-30T20:00:00.000Z,ETHUSDT,2000-01-01T08:00:00.000Z,-2.8e-05,-8.4e-05

2022-05-01T04:00:00.000Z,ETHUSDT,2000-01-01T08:00:00.000Z,9.9e-05,0.00029699999999999996

2022-05-01T12:00:00.000Z,ETHUSDT,2000-01-01T08:00:00.000Z,5.5e-05,0.000165

2022-05-01T20:00:00.000Z,ETHUSDT,2000-01-01T08:00:00.000Z,-8e-06,-2.4e-05

2022-05-02T04:00:00.000Z,ETHUSDT,2000-01-01T08:00:00.000Z,-5.2e-05,-0.000156

2022-05-02T12:00:00.000Z,ETHUSDT,2000-01-01T08:00:00.000Z,9.3e-05,0.000279

2022-05-02T20:00:00.000Z,ETHUSDT,2000-01-01T08:00:00.000Z,-0.000218,-0.0006540000000000001

2022-05-03T04:00:00.000Z,ETHUSDT,2000-01-01T08:00:00.000Z,8.2e-05,0.000246

2022-05-03T12:00:00.000Z,ETHUSDT,2000-01-01T08:00:00.000Z,4e-05,0.00012000000000000002

2022-05-03T20:00:00.000Z,ETHUSDT,2000-01-01T08:00:00.000Z,5.6e-05,0.000168

2022-05-04T04:00:00.000Z,ETHUSDT,2000-01-01T08:00:00.000Z,4.1e-05,0.000123

2022-05-04T12:00:00.000Z,ETHUSDT,2000-01-01T08:00:00.000Z,0.0001,0.00030000000000000003

2022-05-04T20:00:00.000Z,ETHUSDT,2000-01-01T08:00:00.000Z,-2.8e-05,-8.4e-05

2022-05-05T04:00:00.000Z,ETHUSDT,2000-01-01T08:00:00.000Z,1e-05,3.0000000000000004e-05

2022-05-05T12:00:00.000Z,ETHUSDT,2000-01-01T08:00:00.000Z,6.2e-05,0.00018600000000000002

2022-05-05T20:00:00.000Z,ETHUSDT,2000-01-01T08:00:00.000Z,-9.7e-05,-0.000291

2022-05-06T04:00:00.000Z,ETHUSDT,2000-01-01T08:00:00.000Z,-2e-06,-6e-06

2022-05-06T12:00:00.000Z,ETHUSDT,2000-01-01T08:00:00.000Z,-0.000147,-0.000441

2022-05-06T20:00:00.000Z,ETHUSDT,2000-01-01T08:00:00.000Z,-0.000112,-0.000336

2022-05-07T04:00:00.000Z,ETHUSDT,2000-01-01T08:00:00.000Z,0.0001,0.00030000000000000003

2022-05-07T12:00:00.000Z,ETHUSDT,2000-01-01T08:00:00.000Z,0.0001,0.00030000000000000003

2022-05-07T20:00:00.000Z,ETHUSDT,2000-01-01T08:00:00.000Z,0.0001,0.00030000000000000003

2022-05-08T04:00:00.000Z,ETHUSDT,2000-01-01T08:00:00.000Z,0.0001,0.00030000000000000003

2022-05-08T12:00:00.000Z,ETHUSDT,2000-01-01T08:00:00.000Z,0.0001,0.00030000000000000003

2022-05-08T20:00:00.000Z,ETHUSDT,2000-01-01T08:00:00.000Z,0.0001,0.00030000000000000003

2022-05-09T04:00:00.000Z,ETHUSDT,2000-01-01T08:00:00.000Z,0.0001,0.00030000000000000003

2022-05-09T12:00:00.000Z,ETHUSDT,2000-01-01T08:00:00.000Z,0.0001,0.00030000000000000003

2022-05-09T20:00:00.000Z,ETHUSDT,2000-01-01T08:00:00.000Z,0.0001,0.00030000000000000003

2022-05-10T04:00:00.000Z,ETHUSDT,2000-01-01T08:00:00.000Z,0.0001,0.00030000000000000003

2022-05-10T12:00:00.000Z,ETHUSDT,2000-01-01T08:00:00.000Z,0.0001,0.00030000000000000003

2022-05-10T20:00:00.000Z,ETHUSDT,2000-01-01T08:00:00.000Z,0.0001,0.00030000000000000003

2022-05-11T04:00:00.000Z,ETHUSDT,2000-01-01T08:00:00.000Z,0.0001,0.00030000000000000003

2022-05-11T12:00:00.000Z,ETHUSDT,2000-01-01T08:00:00.000Z,0.0001,0.00030000000000000003

2022-05-11T20:00:00.000Z,ETHUSDT,2000-01-01T08:00:00.000Z,0.0001,0.00030000000000000003

2022-05-12T04:00:00.000Z,ETHUSDT,2000-01-01T08:00:00.000Z,0.0001,0.00030000000000000003

2022-05-12T12:00:00.000Z,ETHUSDT,2000-01-01T08:00:00.000Z,0.0001,0.00030000000000000003

2022-05-12T20:00:00.000Z,ETHUSDT,2000-01-01T08:00:00.000Z,5e-06,1.5000000000000002e-05

2022-05-13T04:00:00.000Z,ETHUSDT,2000-01-01T08:00:00.000Z,4.3e-05,0.000129

2022-05-13T12:00:00.000Z,ETHUSDT,2000-01-01T08:00:00.000Z,0.0001,0.00030000000000000003

2022-05-13T20:00:00.000Z,ETHUSDT,2000-01-01T08:00:00.000Z,0.0001,0.00030000000000000003

2022-05-14T04:00:00.000Z,ETHUSDT,2000-01-01T08:00:00.000Z,0.0001,0.00030000000000000003

2022-05-14T12:00:00.000Z,ETHUSDT,2000-01-01T08:00:00.000Z,0.0001,0.00030000000000000003

2022-05-14T20:00:00.000Z,ETHUSDT,2000-01-01T08:00:00.000Z,0.0001,0.00030000000000000003

2022-05-15T04:00:00.000Z,ETHUSDT,2000-01-01T08:00:00.000Z,0.0001,0.00030000000000000003

2022-05-15T12:00:00.000Z,ETHUSDT,2000-01-01T08:00:00.000Z,0.0001,0.00030000000000000003

2022-05-15T20:00:00.000Z,ETHUSDT,2000-01-01T08:00:00.000Z,0.0001,0.00030000000000000003

2022-05-16T04:00:00.000Z,ETHUSDT,2000-01-01T08:00:00.000Z,0.0001,0.00030000000000000003

2022-05-16T12:00:00.000Z,ETHUSDT,2000-01-01T08:00:00.000Z,0.0001,0.00030000000000000003

2022-05-16T20:00:00.000Z,ETHUSDT,2000-01-01T08:00:00.000Z,0.0001,0.00030000000000000003

2022-05-17T04:00:00.000Z,ETHUSDT,2000-01-01T08:00:00.000Z,0.0001,0.00030000000000000003

2022-05-17T12:00:00.000Z,ETHUSDT,2000-01-01T08:00:00.000Z,0.0001,0.00030000000000000003

2022-05-17T20:00:00.000Z,ETHUSDT,2000-01-01T08:00:00.000Z,0.0001,0.00030000000000000003

2022-05-18T04:00:00.000Z,ETHUSDT,2000-01-01T08:00:00.000Z,0.0001,0.00030000000000000003

2022-05-18T12:00:00.000Z,ETHUSDT,2000-01-01T08:00:00.000Z,0.0001,0.00030000000000000003

2022-05-18T20:00:00.000Z,ETHUSDT,2000-01-01T08:00:00.000Z,0.0001,0.00030000000000000003

2022-05-19T04:00:00.000Z,ETHUSDT,2000-01-01T08:00:00.000Z,0.0001,0.00030000000000000003

2022-05-19T12:00:00.000Z,ETHUSDT,2000-01-01T08:00:00.000Z,0.0001,0.00030000000000000003

2022-05-19T20:00:00.000Z,ETHUSDT,2000-01-01T08:00:00.000Z,0.0001,0.00030000000000000003

2022-05-20T04:00:00.000Z,ETHUSDT,2000-01-01T08:00:00.000Z,0.0001,0.00030000000000000003

2022-05-20T12:00:00.000Z,ETHUSDT,2000-01-01T08:00:00.000Z,0.0001,0.00030000000000000003

2022-05-20T20:00:00.000Z,ETHUSDT,2000-01-01T08:00:00.000Z,0.0001,0.00030000000000000003

2022-05-21T04:00:00.000Z,ETHUSDT,2000-01-01T08:00:00.000Z,0.0001,0.00030000000000000003

2022-05-21T12:00:00.000Z,ETHUSDT,2000-01-01T08:00:00.000Z,0.0001,0.00030000000000000003

2022-05-21T20:00:00.000Z,ETHUSDT,2000-01-01T08:00:00.000Z,0.0001,0.00030000000000000003

2022-05-22T04:00:00.000Z,ETHUSDT,2000-01-01T08:00:00.000Z,0.0001,0.00030000000000000003

2022-05-22T12:00:00.000Z,ETHUSDT,2000-01-01T08:00:00.000Z,0.0001,0.00030000000000000003

2022-05-22T20:00:00.000Z,ETHUSDT,2000-01-01T08:00:00.000Z,0.0001,0.00030000000000000003

2022-05-23T04:00:00.000Z,ETHUSDT,2000-01-01T08:00:00.000Z,0.0001,0.00030000000000000003

2022-05-23T12:00:00.000Z,ETHUSDT,2000-01-01T08:00:00.000Z,0.0001,0.00030000000000000003

2022-05-23T20:00:00.000Z,ETHUSDT,2000-01-01T08:00:00.000Z,0.0001,0.00030000000000000003

2022-05-24T04:00:00.000Z,ETHUSDT,2000-01-01T08:00:00.000Z,0.0001,0.00030000000000000003

2022-05-24T12:00:00.000Z,ETHUSDT,2000-01-01T08:00:00.000Z,0.0001,0.00030000000000000003

2022-05-24T20:00:00.000Z,ETHUSDT,2000-01-01T08:00:00.000Z,0.0001,0.00030000000000000003

2022-05-25T04:00:00.000Z,ETHUSDT,2000-01-01T08:00:00.000Z,0.0001,0.00030000000000000003

2022-05-25T12:00:00.000Z,ETHUSDT,2000-01-01T08:00:00.000Z,0.0001,0.00030000000000000003

2022-05-25T20:00:00.000Z,ETHUSDT,2000-01-01T08:00:00.000Z,0.0001,0.00030000000000000003

2022-05-26T04:00:00.000Z,ETHUSDT,2000-01-01T08:00:00.000Z,0.0001,0.00030000000000000003

2022-05-26T12:00:00.000Z,ETHUSDT,2000-01-01T08:00:00.000Z,0.0001,0.00030000000000000003

2022-05-26T20:00:00.000Z,ETHUSDT,2000-01-01T08:00:00.000Z,0.0001,0.00030000000000000003

2022-05-27T04:00:00.000Z,ETHUSDT,2000-01-01T08:00:00.000Z,0.0001,0.00030000000000000003

2022-05-27T12:00:00.000Z,ETHUSDT,2000-01-01T08:00:00.000Z,0.0001,0.00030000000000000003

2022-05-27T20:00:00.000Z,ETHUSDT,2000-01-01T08:00:00.000Z,0.0001,0.00030000000000000003

2022-05-28T04:00:00.000Z,ETHUSDT,2000-01-01T08:00:00.000Z,0.0001,0.00030000000000000003

2022-05-28T12:00:00.000Z,ETHUSDT,2000-01-01T08:00:00.000Z,0.0001,0.00030000000000000003

2022-05-28T20:00:00.000Z,ETHUSDT,2000-01-01T08:00:00.000Z,0.0001,0.00030000000000000003

2022-05-29T04:00:00.000Z,ETHUSDT,2000-01-01T08:00:00.000Z,0.0001,0.00030000000000000003

2022-05-29T12:00:00.000Z,ETHUSDT,2000-01-01T08:00:00.000Z,0.0001,0.00030000000000000003

2022-05-29T20:00:00.000Z,ETHUSDT,2000-01-01T08:00:00.000Z,0.0001,0.00030000000000000003

2022-05-30T04:00:00.000Z,ETHUSDT,2000-01-01T08:00:00.000Z,0.0001,0.00030000000000000003

2022-05-30T12:00:00.000Z,ETHUSDT,2000-01-01T08:00:00.000Z,0.0001,0.00030000000000000003

2022-05-30T20:00:00.000Z,ETHUSDT,2000-01-01T08:00:00.000Z,0.0001,0.00030000000000000003

2022-05-31T04:00:00.000Z,ETHUSDT,2000-01-01T08:00:00.000Z,0.0001,0.00030000000000000003

2022-05-31T12:00:00.000Z,ETHUSDT,2000-01-01T08:00:00.000Z,0.0001,0.00030000000000000003

2022-05-31T20:00:00.000Z,ETHUSDT,2000-01-01T08:00:00.000Z,0.0001,0.00030000000000000003

2022-06-01T04:00:00.000Z,ETHUSDT,2000-01-01T08:00:00.000Z,0.0001,0.00030000000000000003

2022-06-01T12:00:00.000Z,ETHUSDT,2000-01-01T08:00:00.000Z,0.0001,0.00030000000000000003

2022-06-01T20:00:00.000Z,ETHUSDT,2000-01-01T08:00:00.000Z,0.0001,0.00030000000000000003

2022-06-02T04:00:00.000Z,ETHUSDT,2000-01-01T08:00:00.000Z,0.0001,0.00030000000000000003

2022-06-02T12:00:00.000Z,ETHUSDT,2000-01-01T08:00:00.000Z,0.0001,0.00030000000000000003

2022-06-02T20:00:00.000Z,ETHUSDT,2000-01-01T08:00:00.000Z,0.0001,0.00030000000000000003

2022-06-03T04:00:00.000Z,ETHUSDT,2000-01-01T08:00:00.000Z,0.0001,0.00030000000000000003

2022-06-03T12:00:00.000Z,ETHUSDT,2000-01-01T08:00:00.000Z,0.0001,0.00030000000000000003

2022-06-03T20:00:00.000Z,ETHUSDT,2000-01-01T08:00:00.000Z,0.0001,0.00030000000000000003

2022-06-04T04:00:00.000Z,ETHUSDT,2000-01-01T08:00:00.000Z,0.0001,0.00030000000000000003

2022-06-04T12:00:00.000Z,ETHUSDT,2000-01-01T08:00:00.000Z,0.0001,0.00030000000000000003

2022-06-04T20:00:00.000Z,ETHUSDT,2000-01-01T08:00:00.000Z,0.0001,0.00030000000000000003

2022-06-05T04:00:00.000Z,ETHUSDT,2000-01-01T08:00:00.000Z,0.0001,0.00030000000000000003

2022-06-05T12:00:00.000Z,ETHUSDT,2000-01-01T08:00:00.000Z,0.0001,0.00030000000000000003

2022-06-05T20:00:00.000Z,ETHUSDT,2000-01-01T08:00:00.000Z,0.0001,0.00030000000000000003

2022-06-06T04:00:00.000Z,ETHUSDT,2000-01-01T08:00:00.000Z,0.0001,0.00030000000000000003

2022-06-06T12:00:00.000Z,ETHUSDT,2000-01-01T08:00:00.000Z,0.0001,0.00030000000000000003

2022-06-06T20:00:00.000Z,ETHUSDT,2000-01-01T08:00:00.000Z,0.0001,0.00030000000000000003

2022-06-07T04:00:00.000Z,ETHUSDT,2000-01-01T08:00:00.000Z,0.0001,0.00030000000000000003

2022-06-07T12:00:00.000Z,ETHUSDT,2000-01-01T08:00:00.000Z,0.0001,0.00030000000000000003

2022-06-07T20:00:00.000Z,ETHUSDT,2000-01-01T08:00:00.000Z,0.0001,0.00030000000000000003

2022-06-08T04:00:00.000Z,ETHUSDT,2000-01-01T08:00:00.000Z,0.0001,0.00030000000000000003

2022-06-08T12:00:00.000Z,ETHUSDT,2000-01-01T08:00:00.000Z,0.0001,0.00030000000000000003

2022-06-08T20:00:00.000Z,ETHUSDT,2000-01-01T08:00:00.000Z,0.0001,0.00030000000000000003

2022-06-09T04:00:00.000Z,ETHUSDT,2000-01-01T08:00:00.000Z,0.0001,0.00030000000000000003

2022-06-09T12:00:00.000Z,ETHUSDT,2000-01-01T08:00:00.000Z,0.0001,0.00030000000000000003

2022-06-09T20:00:00.000Z,ETHUSDT,2000-01-01T08:00:00.000Z,0.0001,0.00030000000000000003

2022-06-10T04:00:00.000Z,ETHUSDT,2000-01-01T08:00:00.000Z,0.0001,0.00030000000000000003

2022-06-10T12:00:00.000Z,ETHUSDT,2000-01-01T08:00:00.000Z,0.0001,0.00030000000000000003

2022-06-10T20:00:00.000Z,ETHUSDT,2000-01-01T08:00:00.000Z,0.0001,0.00030000000000000003

2022-06-11T04:00:00.000Z,ETHUSDT,2000-01-01T08:00:00.000Z,0.0001,0.00030000000000000003

2022-06-11T12:00:00.000Z,ETHUSDT,2000-01-01T08:00:00.000Z,0.0001,0.00030000000000000003

2022-06-11T20:00:00.000Z,ETHUSDT,2000-01-01T08:00:00.000Z,2e-06,6e-06

2022-06-12T04:00:00.000Z,ETHUSDT,2000-01-01T08:00:00.000Z,0.0001,0.00030000000000000003

2022-06-12T12:00:00.000Z,ETHUSDT,2000-01-01T08:00:00.000Z,0.0001,0.00030000000000000003

2022-06-12T20:00:00.000Z,ETHUSDT,2000-01-01T08:00:00.000Z,0.0001,0.00030000000000000003

2022-06-13T04:00:00.000Z,ETHUSDT,2000-01-01T08:00:00.000Z,0.0001,0.00030000000000000003

2022-06-13T12:00:00.000Z,ETHUSDT,2000-01-01T08:00:00.000Z,0.0001,0.00030000000000000003

2022-06-13T20:00:00.000Z,ETHUSDT,2000-01-01T08:00:00.000Z,0.0001,0.00030000000000000003

2022-06-14T04:00:00.000Z,ETHUSDT,2000-01-01T08:00:00.000Z,0.0001,0.00030000000000000003

2022-06-14T12:00:00.000Z,ETHUSDT,2000-01-01T08:00:00.000Z,0.0001,0.00030000000000000003

2022-06-14T20:00:00.000Z,ETHUSDT,2000-01-01T08:00:00.000Z,0.0001,0.00030000000000000003

2022-06-15T04:00:00.000Z,ETHUSDT,2000-01-01T08:00:00.000Z,0.0001,0.00030000000000000003

2022-06-15T12:00:00.000Z,ETHUSDT,2000-01-01T08:00:00.000Z,0.0001,0.00030000000000000003

2022-06-15T20:00:00.000Z,ETHUSDT,2000-01-01T08:00:00.000Z,0.0001,0.00030000000000000003

2022-06-16T04:00:00.000Z,ETHUSDT,2000-01-01T08:00:00.000Z,0.0001,0.00030000000000000003

2022-06-16T12:00:00.000Z,ETHUSDT,2000-01-01T08:00:00.000Z,0.0001,0.00030000000000000003

2022-06-16T20:00:00.000Z,ETHUSDT,2000-01-01T08:00:00.000Z,0.0001,0.00030000000000000003

2022-06-17T04:00:00.000Z,ETHUSDT,2000-01-01T08:00:00.000Z,0.0001,0.00030000000000000003

2022-06-17T12:00:00.000Z,ETHUSDT,2000-01-01T08:00:00.000Z,0.0001,0.00030000000000000003

2022-06-17T20:00:00.000Z,ETHUSDT,2000-01-01T08:00:00.000Z,0.0001,0.00030000000000000003

2022-06-18T04:00:00.000Z,ETHUSDT,2000-01-01T08:00:00.000Z,8.3e-05,0.000249

2022-06-18T12:00:00.000Z,ETHUSDT,2000-01-01T08:00:00.000Z,0.0001,0.00030000000000000003

2022-06-18T20:00:00.000Z,ETHUSDT,2000-01-01T08:00:00.000Z,-0.000164,-0.000492

2022-06-19T04:00:00.000Z,ETHUSDT,2000-01-01T08:00:00.000Z,-3.3e-05,-9.900000000000001e-05

2022-06-19T12:00:00.000Z,ETHUSDT,2000-01-01T08:00:00.000Z,-0.000243,-0.000729

2022-06-19T20:00:00.000Z,ETHUSDT,2000-01-01T08:00:00.000Z,-0.000447,-0.0013410000000000002

2022-06-20T04:00:00.000Z,ETHUSDT,2000-01-01T08:00:00.000Z,-0.000267,-0.000801

2022-06-20T12:00:00.000Z,ETHUSDT,2000-01-01T08:00:00.000Z,-0.000481,-0.0014429999999999998

2022-06-20T20:00:00.000Z,ETHUSDT,2000-01-01T08:00:00.000Z,-0.000231,-0.000693

2022-06-21T04:00:00.000Z,ETHUSDT,2000-01-01T08:00:00.000Z,2.5e-05,7.500000000000001e-05

2022-06-21T12:00:00.000Z,ETHUSDT,2000-01-01T08:00:00.000Z,0.0001,0.00030000000000000003

2022-06-21T20:00:00.000Z,ETHUSDT,2000-01-01T08:00:00.000Z,-0.000188,-0.0005639999999999999

2022-06-22T04:00:00.000Z,ETHUSDT,2000-01-01T08:00:00.000Z,-0.00062,-0.00186

2022-06-22T12:00:00.000Z,ETHUSDT,2000-01-01T08:00:00.000Z,-0.000216,-0.0006479999999999999

2022-06-22T20:00:00.000Z,ETHUSDT,2000-01-01T08:00:00.000Z,0.0001,0.00030000000000000003

2022-06-23T04:00:00.000Z,ETHUSDT,2000-01-01T08:00:00.000Z,-4.7e-05,-0.00014099999999999998

2022-06-23T12:00:00.000Z,ETHUSDT,2000-01-01T08:00:00.000Z,0.0001,0.00030000000000000003

2022-06-23T20:00:00.000Z,ETHUSDT,2000-01-01T08:00:00.000Z,-0.000616,-0.001848

2022-06-24T04:00:00.000Z,ETHUSDT,2000-01-01T08:00:00.000Z,-0.000719,-0.002157

2022-06-24T12:00:00.000Z,ETHUSDT,2000-01-01T08:00:00.000Z,-0.000155,-0.000465

2022-06-24T20:00:00.000Z,ETHUSDT,2000-01-01T08:00:00.000Z,-0.000351,-0.0010530000000000001

2022-06-25T04:00:00.000Z,ETHUSDT,2000-01-01T08:00:00.000Z,-8e-05,-0.00024000000000000003

2022-06-25T12:00:00.000Z,ETHUSDT,2000-01-01T08:00:00.000Z,-0.000989,-0.002967

2022-06-25T20:00:00.000Z,ETHUSDT,2000-01-01T08:00:00.000Z,-0.000925,-0.002775

2022-06-26T04:00:00.000Z,ETHUSDT,2000-01-01T08:00:00.000Z,-0.000512,-0.001536

2022-06-26T12:00:00.000Z,ETHUSDT,2000-01-01T08:00:00.000Z,-1.1e-05,-3.3e-05

2022-06-26T20:00:00.000Z,ETHUSDT,2000-01-01T08:00:00.000Z,9.3e-05,0.000279

2022-06-27T04:00:00.000Z,ETHUSDT,2000-01-01T08:00:00.000Z,0.0001,0.00030000000000000003

2022-06-27T12:00:00.000Z,ETHUSDT,2000-01-01T08:00:00.000Z,0.0001,0.00030000000000000003

2022-06-27T20:00:00.000Z,ETHUSDT,2000-01-01T08:00:00.000Z,0.0001,0.00030000000000000003

2022-06-28T04:00:00.000Z,ETHUSDT,2000-01-01T08:00:00.000Z,-0.00025,-0.00075

2022-06-28T12:00:00.000Z,ETHUSDT,2000-01-01T08:00:00.000Z,-5.7e-05,-0.000171

2022-06-28T20:00:00.000Z,ETHUSDT,2000-01-01T08:00:00.000Z,-0.000121,-0.000363

2022-06-29T04:00:00.000Z,ETHUSDT,2000-01-01T08:00:00.000Z,-2.2e-05,-6.6e-05

2022-06-29T12:00:00.000Z,ETHUSDT,2000-01-01T08:00:00.000Z,-6.9e-05,-0.000207

2022-06-29T20:00:00.000Z,ETHUSDT,2000-01-01T08:00:00.000Z,0.0001,0.00030000000000000003

2022-06-30T04:00:00.000Z,ETHUSDT,2000-01-01T08:00:00.000Z,0.0001,0.00030000000000000003

2022-06-30T12:00:00.000Z,ETHUSDT,2000-01-01T08:00:00.000Z,0.0001,0.00030000000000000003

2022-06-30T20:00:00.000Z,ETHUSDT,2000-01-01T08:00:00.000Z,-7.9e-05,-0.000237

2022-07-01T04:00:00.000Z,ETHUSDT,2000-01-01T08:00:00.000Z,5.1e-05,0.000153

2022-07-01T12:00:00.000Z,ETHUSDT,2000-01-01T08:00:00.000Z,7.8e-05,0.000234

2022-07-01T20:00:00.000Z,ETHUSDT,2000-01-01T08:00:00.000Z,4.5e-05,0.000135

2022-07-02T04:00:00.000Z,ETHUSDT,2000-01-01T08:00:00.000Z,-0.000117,-0.00035099999999999997

2022-07-02T12:00:00.000Z,ETHUSDT,2000-01-01T08:00:00.000Z,-0.000135,-0.000405

2022-07-02T20:00:00.000Z,ETHUSDT,2000-01-01T08:00:00.000Z,3.3e-05,9.900000000000001e-05

2022-07-03T04:00:00.000Z,ETHUSDT,2000-01-01T08:00:00.000Z,3.1e-05,9.300000000000001e-05

2022-07-03T12:00:00.000Z,ETHUSDT,2000-01-01T08:00:00.000Z,-0.000145,-0.000435

2022-07-03T20:00:00.000Z,ETHUSDT,2000-01-01T08:00:00.000Z,-0.000297,-0.0008910000000000001

2022-07-04T04:00:00.000Z,ETHUSDT,2000-01-01T08:00:00.000Z,1.1e-05,3.3e-05

2022-07-04T12:00:00.000Z,ETHUSDT,2000-01-01T08:00:00.000Z,-0.000224,-0.000672

2022-07-04T20:00:00.000Z,ETHUSDT,2000-01-01T08:00:00.000Z,-0.000279,-0.0008370000000000001

2022-07-05T04:00:00.000Z,ETHUSDT,2000-01-01T08:00:00.000Z,7.7e-05,0.000231

2022-07-05T12:00:00.000Z,ETHUSDT,2000-01-01T08:00:00.000Z,0.0001,0.00030000000000000003

2022-07-05T20:00:00.000Z,ETHUSDT,2000-01-01T08:00:00.000Z,-0.000337,-0.001011

2022-07-06T04:00:00.000Z,ETHUSDT,2000-01-01T08:00:00.000Z,-0.000661,-0.001983

2022-07-06T12:00:00.000Z,ETHUSDT,2000-01-01T08:00:00.000Z,-0.000135,-0.000405

2022-07-06T20:00:00.000Z,ETHUSDT,2000-01-01T08:00:00.000Z,-0.000196,-0.000588

2022-07-07T04:00:00.000Z,ETHUSDT,2000-01-01T08:00:00.000Z,-0.000508,-0.001524

2022-07-07T12:00:00.000Z,ETHUSDT,2000-01-01T08:00:00.000Z,-0.000135,-0.000405

2022-07-07T20:00:00.000Z,ETHUSDT,2000-01-01T08:00:00.000Z,-5e-06,-1.5000000000000002e-05

2022-07-08T04:00:00.000Z,ETHUSDT,2000-01-01T08:00:00.000Z,-0.000493,-0.0014789999999999998

2022-07-08T12:00:00.000Z,ETHUSDT,2000-01-01T08:00:00.000Z,5.6e-05,0.000168

2022-07-08T20:00:00.000Z,ETHUSDT,2000-01-01T08:00:00.000Z,1e-05,3.0000000000000004e-05

2022-07-09T04:00:00.000Z,ETHUSDT,2000-01-01T08:00:00.000Z,9.3e-05,0.000279

2022-07-09T12:00:00.000Z,ETHUSDT,2000-01-01T08:00:00.000Z,-0.000333,-0.000999

2022-07-09T20:00:00.000Z,ETHUSDT,2000-01-01T08:00:00.000Z,-0.000153,-0.000459

2022-07-10T04:00:00.000Z,ETHUSDT,2000-01-01T08:00:00.000Z,-5.3e-05,-0.00015900000000000002

2022-07-10T12:00:00.000Z,ETHUSDT,2000-01-01T08:00:00.000Z,2e-06,6e-06

2022-07-10T20:00:00.000Z,ETHUSDT,2000-01-01T08:00:00.000Z,-0.000623,-0.001869

2022-07-11T04:00:00.000Z,ETHUSDT,2000-01-01T08:00:00.000Z,-0.000412,-0.001236

2022-07-11T12:00:00.000Z,ETHUSDT,2000-01-01T08:00:00.000Z,-0.000219,-0.000657

2022-07-11T20:00:00.000Z,ETHUSDT,2000-01-01T08:00:00.000Z,-0.000247,-0.0007409999999999999

2022-07-12T04:00:00.000Z,ETHUSDT,2000-01-01T08:00:00.000Z,0.0001,0.00030000000000000003

2022-07-12T12:00:00.000Z,ETHUSDT,2000-01-01T08:00:00.000Z,-0.000135,-0.000405

2022-07-12T20:00:00.000Z,ETHUSDT,2000-01-01T08:00:00.000Z,0.0001,0.00030000000000000003

2022-07-13T04:00:00.000Z,ETHUSDT,2000-01-01T08:00:00.000Z,0.0001,0.00030000000000000003

2022-07-13T12:00:00.000Z,ETHUSDT,2000-01-01T08:00:00.000Z,2.9e-05,8.7e-05

2022-07-13T20:00:00.000Z,ETHUSDT,2000-01-01T08:00:00.000Z,-0.000327,-0.0009809999999999999

2022-07-14T04:00:00.000Z,ETHUSDT,2000-01-01T08:00:00.000Z,-0.000131,-0.000393

2022-07-14T12:00:00.000Z,ETHUSDT,2000-01-01T08:00:00.000Z,-0.000287,-0.000861

2022-07-14T20:00:00.000Z,ETHUSDT,2000-01-01T08:00:00.000Z,-0.000137,-0.000411

2022-07-15T04:00:00.000Z,ETHUSDT,2000-01-01T08:00:00.000Z,-0.000141,-0.00042300000000000004

2022-07-15T12:00:00.000Z,ETHUSDT,2000-01-01T08:00:00.000Z,-0.000312,-0.000936

2022-07-15T20:00:00.000Z,ETHUSDT,2000-01-01T08:00:00.000Z,-0.000445,-0.0013349999999999998

2022-07-16T04:00:00.000Z,ETHUSDT,2000-01-01T08:00:00.000Z,-0.000156,-0.000468

2022-07-16T12:00:00.000Z,ETHUSDT,2000-01-01T08:00:00.000Z,3.9e-05,0.000117

2022-07-16T20:00:00.000Z,ETHUSDT,2000-01-01T08:00:00.000Z,0.0001,0.00030000000000000003

2022-07-17T04:00:00.000Z,ETHUSDT,2000-01-01T08:00:00.000Z,-0.000608,-0.001824

2022-07-17T12:00:00.000Z,ETHUSDT,2000-01-01T08:00:00.000Z,-0.000398,-0.0011940000000000002

2022-07-17T20:00:00.000Z,ETHUSDT,2000-01-01T08:00:00.000Z,0.0001,0.00030000000000000003

2022-07-18T04:00:00.000Z,ETHUSDT,2000-01-01T08:00:00.000Z,5e-06,1.5000000000000002e-05

2022-07-18T12:00:00.000Z,ETHUSDT,2000-01-01T08:00:00.000Z,-8.2e-05,-0.000246

2022-07-18T20:00:00.000Z,ETHUSDT,2000-01-01T08:00:00.000Z,-0.00037,-0.0011099999999999999

2022-07-19T04:00:00.000Z,ETHUSDT,2000-01-01T08:00:00.000Z,-0.000107,-0.000321

2022-07-19T12:00:00.000Z,ETHUSDT,2000-01-01T08:00:00.000Z,-4.8e-05,-0.000144

2022-07-19T20:00:00.000Z,ETHUSDT,2000-01-01T08:00:00.000Z,-3e-05,-9e-05

2022-07-20T04:00:00.000Z,ETHUSDT,2000-01-01T08:00:00.000Z,-6.7e-05,-0.000201

2022-07-20T12:00:00.000Z,ETHUSDT,2000-01-01T08:00:00.000Z,-0.000376,-0.0011279999999999999

2022-07-20T20:00:00.000Z,ETHUSDT,2000-01-01T08:00:00.000Z,-0.000371,-0.001113

2022-07-21T04:00:00.000Z,ETHUSDT,2000-01-01T08:00:00.000Z,7e-06,2.1e-05

2022-07-21T12:00:00.000Z,ETHUSDT,2000-01-01T08:00:00.000Z,9e-05,0.00027

2022-07-21T20:00:00.000Z,ETHUSDT,2000-01-01T08:00:00.000Z,0.0001,0.00030000000000000003

2022-07-22T04:00:00.000Z,ETHUSDT,2000-01-01T08:00:00.000Z,0.0001,0.00030000000000000003

2022-07-22T12:00:00.000Z,ETHUSDT,2000-01-01T08:00:00.000Z,0.0001,0.00030000000000000003

2022-07-22T20:00:00.000Z,ETHUSDT,2000-01-01T08:00:00.000Z,-5.2e-05,-0.000156

2022-07-23T04:00:00.000Z,ETHUSDT,2000-01-01T08:00:00.000Z,-1e-05,-3.0000000000000004e-05

2022-07-23T12:00:00.000Z,ETHUSDT,2000-01-01T08:00:00.000Z,0.0001,0.00030000000000000003

2022-07-23T20:00:00.000Z,ETHUSDT,2000-01-01T08:00:00.000Z,0.0001,0.00030000000000000003

2022-07-24T04:00:00.000Z,ETHUSDT,2000-01-01T08:00:00.000Z,0.0001,0.00030000000000000003

2022-07-24T12:00:00.000Z,ETHUSDT,2000-01-01T08:00:00.000Z,0.0001,0.00030000000000000003

2022-07-24T20:00:00.000Z,ETHUSDT,2000-01-01T08:00:00.000Z,-0.000203,-0.000609

2022-07-25T04:00:00.000Z,ETHUSDT,2000-01-01T08:00:00.000Z,0.0001,0.00030000000000000003

2022-07-25T12:00:00.000Z,ETHUSDT,2000-01-01T08:00:00.000Z,0.0001,0.00030000000000000003

2022-07-25T20:00:00.000Z,ETHUSDT,2000-01-01T08:00:00.000Z,0.0001,0.00030000000000000003

2022-07-26T04:00:00.000Z,ETHUSDT,2000-01-01T08:00:00.000Z,-0.00021,-0.00063

2022-07-26T12:00:00.000Z,ETHUSDT,2000-01-01T08:00:00.000Z,-0.000442,-0.001326

2022-07-26T20:00:00.000Z,ETHUSDT,2000-01-01T08:00:00.000Z,-0.000526,-0.001578

2022-07-27T04:00:00.000Z,ETHUSDT,2000-01-01T08:00:00.000Z,-0.000237,-0.0007109999999999999

2022-07-27T12:00:00.000Z,ETHUSDT,2000-01-01T08:00:00.000Z,-7.9e-05,-0.000237

2022-07-27T20:00:00.000Z,ETHUSDT,2000-01-01T08:00:00.000Z,-0.000509,-0.0015270000000000001

2022-07-28T04:00:00.000Z,ETHUSDT,2000-01-01T08:00:00.000Z,-1.5e-05,-4.5e-05

2022-07-28T12:00:00.000Z,ETHUSDT,2000-01-01T08:00:00.000Z,0.0001,0.00030000000000000003

2022-07-28T20:00:00.000Z,ETHUSDT,2000-01-01T08:00:00.000Z,6.2e-05,0.00018600000000000002

2022-07-29T04:00:00.000Z,ETHUSDT,2000-01-01T08:00:00.000Z,7.5e-05,0.000225

2022-07-29T12:00:00.000Z,ETHUSDT,2000-01-01T08:00:00.000Z,5.2e-05,0.000156

2022-07-29T20:00:00.000Z,ETHUSDT,2000-01-01T08:00:00.000Z,-0.000351,-0.0010530000000000001

2022-07-30T04:00:00.000Z,ETHUSDT,2000-01-01T08:00:00.000Z,-0.000269,-0.000807

2022-07-30T12:00:00.000Z,ETHUSDT,2000-01-01T08:00:00.000Z,-0.00035,-0.00105

2022-07-30T20:00:00.000Z,ETHUSDT,2000-01-01T08:00:00.000Z,-0.000556,-0.0016679999999999998

2022-07-31T04:00:00.000Z,ETHUSDT,2000-01-01T08:00:00.000Z,-0.000689,-0.0020670000000000003

2022-07-31T12:00:00.000Z,ETHUSDT,2000-01-01T08:00:00.000Z,-0.000175,-0.000525

2022-07-31T20:00:00.000Z,ETHUSDT,2000-01-01T08:00:00.000Z,-0.000301,-0.0009029999999999999

2022-08-01T04:00:00.000Z,ETHUSDT,2000-01-01T08:00:00.000Z,-0.000283,-0.0008489999999999999

2022-08-01T12:00:00.000Z,ETHUSDT,2000-01-01T08:00:00.000Z,-0.000879,-0.002637

2022-08-01T20:00:00.000Z,ETHUSDT,2000-01-01T08:00:00.000Z,-0.000605,-0.0018149999999999998

2022-08-02T04:00:00.000Z,ETHUSDT,2000-01-01T08:00:00.000Z,-0.000227,-0.000681

2022-08-02T12:00:00.000Z,ETHUSDT,2000-01-01T08:00:00.000Z,0.0001,0.00030000000000000003

2022-08-02T20:00:00.000Z,ETHUSDT,2000-01-01T08:00:00.000Z,0.0001,0.00030000000000000003

2022-08-03T04:00:00.000Z,ETHUSDT,2000-01-01T08:00:00.000Z,-0.000125,-0.000375

2022-08-03T12:00:00.000Z,ETHUSDT,2000-01-01T08:00:00.000Z,-0.000165,-0.000495

2022-08-03T20:00:00.000Z,ETHUSDT,2000-01-01T08:00:00.000Z,-0.000322,-0.0009660000000000001

2022-08-04T04:00:00.000Z,ETHUSDT,2000-01-01T08:00:00.000Z,-0.0002,-0.0006000000000000001

2022-08-04T12:00:00.000Z,ETHUSDT,2000-01-01T08:00:00.000Z,-0.000119,-0.000357

2022-08-04T20:00:00.000Z,ETHUSDT,2000-01-01T08:00:00.000Z,0.0001,0.00030000000000000003

2022-08-05T04:00:00.000Z,ETHUSDT,2000-01-01T08:00:00.000Z,-3.5e-05,-0.00010499999999999999

2022-08-05T12:00:00.000Z,ETHUSDT,2000-01-01T08:00:00.000Z,-0.000213,-0.000639

2022-08-05T20:00:00.000Z,ETHUSDT,2000-01-01T08:00:00.000Z,-5.1e-05,-0.000153

2022-08-06T04:00:00.000Z,ETHUSDT,2000-01-01T08:00:00.000Z,-7.2e-05,-0.000216

2022-08-06T12:00:00.000Z,ETHUSDT,2000-01-01T08:00:00.000Z,-3.2e-05,-9.6e-05

2022-08-06T20:00:00.000Z,ETHUSDT,2000-01-01T08:00:00.000Z,-0.000119,-0.000357

2022-08-07T04:00:00.000Z,ETHUSDT,2000-01-01T08:00:00.000Z,6.4e-05,0.000192

2022-08-07T12:00:00.000Z,ETHUSDT,2000-01-01T08:00:00.000Z,0.0001,0.00030000000000000003

2022-08-07T20:00:00.000Z,ETHUSDT,2000-01-01T08:00:00.000Z,-0.000206,-0.000618

2022-08-08T04:00:00.000Z,ETHUSDT,2000-01-01T08:00:00.000Z,-0.000326,-0.0009780000000000001

2022-08-08T12:00:00.000Z,ETHUSDT,2000-01-01T08:00:00.000Z,-0.000258,-0.000774

2022-08-08T20:00:00.000Z,ETHUSDT,2000-01-01T08:00:00.000Z,-0.000484,-0.001452

2022-08-09T04:00:00.000Z,ETHUSDT,2000-01-01T08:00:00.000Z,4.1e-05,0.000123

2022-08-09T12:00:00.000Z,ETHUSDT,2000-01-01T08:00:00.000Z,-0.000128,-0.000384

2022-08-09T20:00:00.000Z,ETHUSDT,2000-01-01T08:00:00.000Z,-0.000114,-0.000342

2022-08-10T04:00:00.000Z,ETHUSDT,2000-01-01T08:00:00.000Z,-0.000171,-0.000513

2022-08-10T12:00:00.000Z,ETHUSDT,2000-01-01T08:00:00.000Z,-0.000183,-0.000549

2022-08-10T20:00:00.000Z,ETHUSDT,2000-01-01T08:00:00.000Z,-0.000247,-0.0007409999999999999

2022-08-11T04:00:00.000Z,ETHUSDT,2000-01-01T08:00:00.000Z,-0.000148,-0.00044399999999999995

2022-08-11T12:00:00.000Z,ETHUSDT,2000-01-01T08:00:00.000Z,-9e-05,-0.00027

2022-08-11T20:00:00.000Z,ETHUSDT,2000-01-01T08:00:00.000Z,-0.00059,-0.00177

2022-08-12T04:00:00.000Z,ETHUSDT,2000-01-01T08:00:00.000Z,-0.000933,-0.0027990000000000003

2022-08-12T12:00:00.000Z,ETHUSDT,2000-01-01T08:00:00.000Z,-0.000723,-0.002169

2022-08-12T20:00:00.000Z,ETHUSDT,2000-01-01T08:00:00.000Z,-0.000551,-0.001653

2022-08-13T04:00:00.000Z,ETHUSDT,2000-01-01T08:00:00.000Z,-0.000488,-0.001464

2022-08-13T12:00:00.000Z,ETHUSDT,2000-01-01T08:00:00.000Z,-0.000342,-0.001026

2022-08-13T20:00:00.000Z,ETHUSDT,2000-01-01T08:00:00.000Z,0.0001,0.00030000000000000003

2022-08-14T04:00:00.000Z,ETHUSDT,2000-01-01T08:00:00.000Z,-0.001004,-0.003012

2022-08-14T12:00:00.000Z,ETHUSDT,2000-01-01T08:00:00.000Z,0.0001,0.00030000000000000003

2022-08-14T20:00:00.000Z,ETHUSDT,2000-01-01T08:00:00.000Z,0.0001,0.00030000000000000003

2022-08-15T04:00:00.000Z,ETHUSDT,2000-01-01T08:00:00.000Z,-0.000469,-0.001407

2022-08-15T12:00:00.000Z,ETHUSDT,2000-01-01T08:00:00.000Z,-0.000264,-0.0007920000000000001

2022-08-15T20:00:00.000Z,ETHUSDT,2000-01-01T08:00:00.000Z,0.0001,0.00030000000000000003

2022-08-16T04:00:00.000Z,ETHUSDT,2000-01-01T08:00:00.000Z,-5.8e-05,-0.000174

2022-08-16T12:00:00.000Z,ETHUSDT,2000-01-01T08:00:00.000Z,-0.000239,-0.000717

2022-08-16T20:00:00.000Z,ETHUSDT,2000-01-01T08:00:00.000Z,0.0001,0.00030000000000000003

2022-08-17T04:00:00.000Z,ETHUSDT,2000-01-01T08:00:00.000Z,6.6e-05,0.00019800000000000002

2022-08-17T12:00:00.000Z,ETHUSDT,2000-01-01T08:00:00.000Z,-7.4e-05,-0.00022199999999999998

2022-08-17T20:00:00.000Z,ETHUSDT,2000-01-01T08:00:00.000Z,0.0001,0.00030000000000000003

2022-08-18T04:00:00.000Z,ETHUSDT,2000-01-01T08:00:00.000Z,0.0001,0.00030000000000000003

2022-08-18T12:00:00.000Z,ETHUSDT,2000-01-01T08:00:00.000Z,0.0001,0.00030000000000000003

2022-08-18T20:00:00.000Z,ETHUSDT,2000-01-01T08:00:00.000Z,0.0001,0.00030000000000000003

2022-08-19T04:00:00.000Z,ETHUSDT,2000-01-01T08:00:00.000Z,0.0001,0.00030000000000000003

2022-08-19T12:00:00.000Z,ETHUSDT,2000-01-01T08:00:00.000Z,7.3e-05,0.000219

2022-08-19T20:00:00.000Z,ETHUSDT,2000-01-01T08:00:00.000Z,0.0001,0.00030000000000000003

2022-08-20T04:00:00.000Z,ETHUSDT,2000-01-01T08:00:00.000Z,0.0001,0.00030000000000000003

2022-08-20T12:00:00.000Z,ETHUSDT,2000-01-01T08:00:00.000Z,0.0001,0.00030000000000000003

2022-08-20T20:00:00.000Z,ETHUSDT,2000-01-01T08:00:00.000Z,0.0001,0.00030000000000000003

2022-08-21T04:00:00.000Z,ETHUSDT,2000-01-01T08:00:00.000Z,-0.000351,-0.0010530000000000001

2022-08-21T12:00:00.000Z,ETHUSDT,2000-01-01T08:00:00.000Z,-0.001204,-0.0036119999999999998

2022-08-21T20:00:00.000Z,ETHUSDT,2000-01-01T08:00:00.000Z,-0.000475,-0.001425

2022-08-22T04:00:00.000Z,ETHUSDT,2000-01-01T08:00:00.000Z,6.5e-05,0.00019499999999999997

2022-08-22T12:00:00.000Z,ETHUSDT,2000-01-01T08:00:00.000Z,0.0001,0.00030000000000000003

2022-08-22T20:00:00.000Z,ETHUSDT,2000-01-01T08:00:00.000Z,-0.001005,-0.0030150000000000003

2022-08-23T04:00:00.000Z,ETHUSDT,2000-01-01T08:00:00.000Z,-0.00027,-0.00081

2022-08-23T12:00:00.000Z,ETHUSDT,2000-01-01T08:00:00.000Z,-5.6e-05,-0.000168

2022-08-23T20:00:00.000Z,ETHUSDT,2000-01-01T08:00:00.000Z,0.0001,0.00030000000000000003

2022-08-24T04:00:00.000Z,ETHUSDT,2000-01-01T08:00:00.000Z,-7.8e-05,-0.000234

2022-08-24T12:00:00.000Z,ETHUSDT,2000-01-01T08:00:00.000Z,-8.7e-05,-0.000261

2022-08-24T20:00:00.000Z,ETHUSDT,2000-01-01T08:00:00.000Z,-0.000127,-0.000381

2022-08-25T04:00:00.000Z,ETHUSDT,2000-01-01T08:00:00.000Z,1.7e-05,5.1e-05

2022-08-25T12:00:00.000Z,ETHUSDT,2000-01-01T08:00:00.000Z,-0.000183,-0.000549

2022-08-25T20:00:00.000Z,ETHUSDT,2000-01-01T08:00:00.000Z,-0.000342,-0.001026

2022-08-26T04:00:00.000Z,ETHUSDT,2000-01-01T08:00:00.000Z,-0.00032,-0.0009600000000000001

2022-08-26T12:00:00.000Z,ETHUSDT,2000-01-01T08:00:00.000Z,5.1e-05,0.000153

2022-08-26T20:00:00.000Z,ETHUSDT,2000-01-01T08:00:00.000Z,0.0001,0.00030000000000000003

2022-08-27T04:00:00.000Z,ETHUSDT,2000-01-01T08:00:00.000Z,1.1e-05,3.3e-05

2022-08-27T12:00:00.000Z,ETHUSDT,2000-01-01T08:00:00.000Z,-1.1e-05,-3.3e-05

2022-08-27T20:00:00.000Z,ETHUSDT,2000-01-01T08:00:00.000Z,4.5e-05,0.000135

2022-08-28T04:00:00.000Z,ETHUSDT,2000-01-01T08:00:00.000Z,0.0001,0.00030000000000000003

2022-08-28T12:00:00.000Z,ETHUSDT,2000-01-01T08:00:00.000Z,-0.000711,-0.0021330000000000003

2022-08-28T20:00:00.000Z,ETHUSDT,2000-01-01T08:00:00.000Z,-0.000849,-0.0025470000000000002

2022-08-29T04:00:00.000Z,ETHUSDT,2000-01-01T08:00:00.000Z,-0.000611,-0.001833

2022-08-29T12:00:00.000Z,ETHUSDT,2000-01-01T08:00:00.000Z,9.1e-05,0.000273

2022-08-29T20:00:00.000Z,ETHUSDT,2000-01-01T08:00:00.000Z,-2.9e-05,-8.7e-05

2022-08-30T04:00:00.000Z,ETHUSDT,2000-01-01T08:00:00.000Z,-0.000224,-0.000672

2022-08-30T12:00:00.000Z,ETHUSDT,2000-01-01T08:00:00.000Z,-0.000172,-0.000516

2022-08-30T20:00:00.000Z,ETHUSDT,2000-01-01T08:00:00.000Z,0.0001,0.00030000000000000003

2022-08-31T04:00:00.000Z,ETHUSDT,2000-01-01T08:00:00.000Z,-0.000169,-0.000507

2022-08-31T12:00:00.000Z,ETHUSDT,2000-01-01T08:00:00.000Z,-0.000132,-0.00039600000000000003

2022-08-31T20:00:00.000Z,ETHUSDT,2000-01-01T08:00:00.000Z,-9.4e-05,-0.00028199999999999997

2022-09-01T04:00:00.000Z,ETHUSDT,2000-01-01T08:00:00.000Z,0.0001,0.00030000000000000003

2022-09-01T12:00:00.000Z,ETHUSDT,2000-01-01T08:00:00.000Z,-5.4e-05,-0.00016199999999999998

2022-09-01T20:00:00.000Z,ETHUSDT,2000-01-01T08:00:00.000Z,-0.000186,-0.000558

2022-09-02T04:00:00.000Z,ETHUSDT,2000-01-01T08:00:00.000Z,0.0001,0.00030000000000000003

2022-09-02T12:00:00.000Z,ETHUSDT,2000-01-01T08:00:00.000Z,7.6e-05,0.000228

2022-09-02T20:00:00.000Z,ETHUSDT,2000-01-01T08:00:00.000Z,-0.000271,-0.0008129999999999999

2022-09-03T04:00:00.000Z,ETHUSDT,2000-01-01T08:00:00.000Z,7.8e-05,0.000234

2022-09-03T12:00:00.000Z,ETHUSDT,2000-01-01T08:00:00.000Z,9e-05,0.00027

2022-09-03T20:00:00.000Z,ETHUSDT,2000-01-01T08:00:00.000Z,8e-06,2.4e-05

2022-09-04T04:00:00.000Z,ETHUSDT,2000-01-01T08:00:00.000Z,-1.3e-05,-3.9e-05

2022-09-04T12:00:00.000Z,ETHUSDT,2000-01-01T08:00:00.000Z,6.6e-05,0.00019800000000000002

2022-09-04T20:00:00.000Z,ETHUSDT,2000-01-01T08:00:00.000Z,3.2e-05,9.6e-05

2022-09-05T04:00:00.000Z,ETHUSDT,2000-01-01T08:00:00.000Z,4e-05,0.00012000000000000002

2022-09-05T12:00:00.000Z,ETHUSDT,2000-01-01T08:00:00.000Z,9.1e-05,0.000273

2022-09-05T20:00:00.000Z,ETHUSDT,2000-01-01T08:00:00.000Z,-0.00015,-0.00045

2022-09-06T04:00:00.000Z,ETHUSDT,2000-01-01T08:00:00.000Z,-0.00015,-0.00045

2022-09-06T12:00:00.000Z,ETHUSDT,2000-01-01T08:00:00.000Z,4.1e-05,0.000123

2022-09-06T20:00:00.000Z,ETHUSDT,2000-01-01T08:00:00.000Z,-5.4e-05,-0.00016199999999999998

2022-09-07T04:00:00.000Z,ETHUSDT,2000-01-01T08:00:00.000Z,0.0001,0.00030000000000000003

2022-09-07T12:00:00.000Z,ETHUSDT,2000-01-01T08:00:00.000Z,7.6e-05,0.000228

2022-09-07T20:00:00.000Z,ETHUSDT,2000-01-01T08:00:00.000Z,-9.7e-05,-0.000291

2022-09-08T04:00:00.000Z,ETHUSDT,2000-01-01T08:00:00.000Z,-0.000111,-0.000333

2022-09-08T12:00:00.000Z,ETHUSDT,2000-01-01T08:00:00.000Z,0.0001,0.00030000000000000003

2022-09-08T20:00:00.000Z,ETHUSDT,2000-01-01T08:00:00.000Z,4e-06,1.2e-05

2022-09-09T04:00:00.000Z,ETHUSDT,2000-01-01T08:00:00.000Z,-0.000148,-0.00044399999999999995

2022-09-09T12:00:00.000Z,ETHUSDT,2000-01-01T08:00:00.000Z,0.0001,0.00030000000000000003

2022-09-09T20:00:00.000Z,ETHUSDT,2000-01-01T08:00:00.000Z,0.0001,0.00030000000000000003

2022-09-10T04:00:00.000Z,ETHUSDT,2000-01-01T08:00:00.000Z,0.0001,0.00030000000000000003

2022-09-10T12:00:00.000Z,ETHUSDT,2000-01-01T08:00:00.000Z,0.0001,0.00030000000000000003

2022-09-10T20:00:00.000Z,ETHUSDT,2000-01-01T08:00:00.000Z,0.0001,0.00030000000000000003

2022-09-11T04:00:00.000Z,ETHUSDT,2000-01-01T08:00:00.000Z,0.0001,0.00030000000000000003

2022-09-11T12:00:00.000Z,ETHUSDT,2000-01-01T08:00:00.000Z,0.0001,0.00030000000000000003

2022-09-11T20:00:00.000Z,ETHUSDT,2000-01-01T08:00:00.000Z,-5e-05,-0.00015000000000000001

2022-09-12T04:00:00.000Z,ETHUSDT,2000-01-01T08:00:00.000Z,-0.000376,-0.0011279999999999999

2022-09-12T12:00:00.000Z,ETHUSDT,2000-01-01T08:00:00.000Z,-0.000208,-0.000624

2022-09-12T20:00:00.000Z,ETHUSDT,2000-01-01T08:00:00.000Z,-0.000628,-0.0018839999999999998

2022-09-13T04:00:00.000Z,ETHUSDT,2000-01-01T08:00:00.000Z,-0.000476,-0.001428

2022-09-13T12:00:00.000Z,ETHUSDT,2000-01-01T08:00:00.000Z,-0.000173,-0.000519

2022-09-13T20:00:00.000Z,ETHUSDT,2000-01-01T08:00:00.000Z,-0.000107,-0.000321

2022-09-14T04:00:00.000Z,ETHUSDT,2000-01-01T08:00:00.000Z,-0.000494,-0.0014819999999999998

2022-09-14T12:00:00.000Z,ETHUSDT,2000-01-01T08:00:00.000Z,-0.001439,-0.004317

2022-09-14T20:00:00.000Z,ETHUSDT,2000-01-01T08:00:00.000Z,-0.002281,-0.006843

2022-09-15T04:00:00.000Z,ETHUSDT,2000-01-01T08:00:00.000Z,-0.003326,-0.009978

2022-09-15T12:00:00.000Z,ETHUSDT,2000-01-01T08:00:00.000Z,-0.006003,-0.018008999999999997

2022-09-15T20:00:00.000Z,ETHUSDT,2000-01-01T08:00:00.000Z,-0.000651,-0.0019529999999999999

2022-09-16T04:00:00.000Z,ETHUSDT,2000-01-01T08:00:00.000Z,0.0001,0.00030000000000000003

2022-09-16T12:00:00.000Z,ETHUSDT,2000-01-01T08:00:00.000Z,3.2e-05,9.6e-05

2022-09-16T20:00:00.000Z,ETHUSDT,2000-01-01T08:00:00.000Z,-6.4e-05,-0.000192

2022-09-17T04:00:00.000Z,ETHUSDT,2000-01-01T08:00:00.000Z,0.0001,0.00030000000000000003

2022-09-17T12:00:00.000Z,ETHUSDT,2000-01-01T08:00:00.000Z,6.5e-05,0.00019499999999999997

2022-09-17T20:00:00.000Z,ETHUSDT,2000-01-01T08:00:00.000Z,0.0001,0.00030000000000000003

2022-09-18T04:00:00.000Z,ETHUSDT,2000-01-01T08:00:00.000Z,0.0001,0.00030000000000000003

2022-09-18T12:00:00.000Z,ETHUSDT,2000-01-01T08:00:00.000Z,-4.8e-05,-0.000144

2022-09-18T20:00:00.000Z,ETHUSDT,2000-01-01T08:00:00.000Z,9.6e-05,0.000288

2022-09-19T04:00:00.000Z,ETHUSDT,2000-01-01T08:00:00.000Z,0.0001,0.00030000000000000003

2022-09-19T12:00:00.000Z,ETHUSDT,2000-01-01T08:00:00.000Z,-0.000341,-0.001023

2022-09-19T20:00:00.000Z,ETHUSDT,2000-01-01T08:00:00.000Z,5.1e-05,0.000153

2022-09-20T04:00:00.000Z,ETHUSDT,2000-01-01T08:00:00.000Z,8.5e-05,0.000255

2022-09-20T12:00:00.000Z,ETHUSDT,2000-01-01T08:00:00.000Z,6.2e-05,0.00018600000000000002

2022-09-20T20:00:00.000Z,ETHUSDT,2000-01-01T08:00:00.000Z,-4.6e-05,-0.000138

2022-09-21T04:00:00.000Z,ETHUSDT,2000-01-01T08:00:00.000Z,-0.000101,-0.000303

2022-09-21T12:00:00.000Z,ETHUSDT,2000-01-01T08:00:00.000Z,-7.1e-05,-0.00021300000000000003

2022-09-21T20:00:00.000Z,ETHUSDT,2000-01-01T08:00:00.000Z,-8.6e-05,-0.000258

2022-09-22T04:00:00.000Z,ETHUSDT,2000-01-01T08:00:00.000Z,0.0001,0.00030000000000000003

2022-09-22T12:00:00.000Z,ETHUSDT,2000-01-01T08:00:00.000Z,-0.00052,-0.0015599999999999998

2022-09-22T20:00:00.000Z,ETHUSDT,2000-01-01T08:00:00.000Z,-0.00045,-0.00135

2022-09-23T04:00:00.000Z,ETHUSDT,2000-01-01T08:00:00.000Z,-0.000106,-0.00031800000000000003

2022-09-23T12:00:00.000Z,ETHUSDT,2000-01-01T08:00:00.000Z,-1.8e-05,-5.4e-05

2022-09-23T20:00:00.000Z,ETHUSDT,2000-01-01T08:00:00.000Z,-9.2e-05,-0.000276

2022-09-24T04:00:00.000Z,ETHUSDT,2000-01-01T08:00:00.000Z,0.0001,0.00030000000000000003

2022-09-24T12:00:00.000Z,ETHUSDT,2000-01-01T08:00:00.000Z,0.0001,0.00030000000000000003

2022-09-24T20:00:00.000Z,ETHUSDT,2000-01-01T08:00:00.000Z,0.0001,0.00030000000000000003

2022-09-25T04:00:00.000Z,ETHUSDT,2000-01-01T08:00:00.000Z,6.3e-05,0.00018899999999999999

2022-09-25T12:00:00.000Z,ETHUSDT,2000-01-01T08:00:00.000Z,-0.000114,-0.000342

2022-09-25T20:00:00.000Z,ETHUSDT,2000-01-01T08:00:00.000Z,-1.8e-05,-5.4e-05

2022-09-26T04:00:00.000Z,ETHUSDT,2000-01-01T08:00:00.000Z,5.9e-05,0.000177

2022-09-26T12:00:00.000Z,ETHUSDT,2000-01-01T08:00:00.000Z,7.6e-05,0.000228

2022-09-26T20:00:00.000Z,ETHUSDT,2000-01-01T08:00:00.000Z,1.4e-05,4.2e-05

2022-09-27T04:00:00.000Z,ETHUSDT,2000-01-01T08:00:00.000Z,3.5e-05,0.00010499999999999999

2022-09-27T12:00:00.000Z,ETHUSDT,2000-01-01T08:00:00.000Z,0.0001,0.00030000000000000003

2022-09-27T20:00:00.000Z,ETHUSDT,2000-01-01T08:00:00.000Z,-0.000107,-0.000321

2022-09-28T04:00:00.000Z,ETHUSDT,2000-01-01T08:00:00.000Z,-7.7e-05,-0.000231

2022-09-28T12:00:00.000Z,ETHUSDT,2000-01-01T08:00:00.000Z,-4e-05,-0.00012000000000000002

2022-09-28T20:00:00.000Z,ETHUSDT,2000-01-01T08:00:00.000Z,1.7e-05,5.1e-05

2022-09-29T04:00:00.000Z,ETHUSDT,2000-01-01T08:00:00.000Z,5.9e-05,0.000177

2022-09-29T12:00:00.000Z,ETHUSDT,2000-01-01T08:00:00.000Z,8.9e-05,0.000267

2022-09-29T20:00:00.000Z,ETHUSDT,2000-01-01T08:00:00.000Z,-4.9e-05,-0.000147

2022-09-30T04:00:00.000Z,ETHUSDT,2000-01-01T08:00:00.000Z,9e-05,0.00027

2022-09-30T12:00:00.000Z,ETHUSDT,2000-01-01T08:00:00.000Z,0.0001,0.00030000000000000003

2022-09-30T20:00:00.000Z,ETHUSDT,2000-01-01T08:00:00.000Z,0.0001,0.00030000000000000003

2022-10-01T04:00:00.000Z,ETHUSDT,2000-01-01T08:00:00.000Z,0.0001,0.00030000000000000003

2022-10-01T12:00:00.000Z,ETHUSDT,2000-01-01T08:00:00.000Z,0.0001,0.00030000000000000003

2022-10-01T20:00:00.000Z,ETHUSDT,2000-01-01T08:00:00.000Z,-0.00027,-0.00081

2022-10-02T04:00:00.000Z,ETHUSDT,2000-01-01T08:00:00.000Z,-2.3e-05,-6.9e-05

2022-10-02T12:00:00.000Z,ETHUSDT,2000-01-01T08:00:00.000Z,0.0001,0.00030000000000000003

2022-10-02T20:00:00.000Z,ETHUSDT,2000-01-01T08:00:00.000Z,0.0001,0.00030000000000000003

2022-10-03T04:00:00.000Z,ETHUSDT,2000-01-01T08:00:00.000Z,0.0001,0.00030000000000000003

2022-10-03T12:00:00.000Z,ETHUSDT,2000-01-01T08:00:00.000Z,2.2e-05,6.6e-05

2022-10-03T20:00:00.000Z,ETHUSDT,2000-01-01T08:00:00.000Z,4.9e-05,0.000147

2022-10-04T04:00:00.000Z,ETHUSDT,2000-01-01T08:00:00.000Z,0.0001,0.00030000000000000003

2022-10-04T12:00:00.000Z,ETHUSDT,2000-01-01T08:00:00.000Z,0.0001,0.00030000000000000003

2022-10-04T20:00:00.000Z,ETHUSDT,2000-01-01T08:00:00.000Z,0.0001,0.00030000000000000003

2022-10-05T04:00:00.000Z,ETHUSDT,2000-01-01T08:00:00.000Z,0.0001,0.00030000000000000003

2022-10-05T12:00:00.000Z,ETHUSDT,2000-01-01T08:00:00.000Z,0.0001,0.00030000000000000003

2022-10-05T20:00:00.000Z,ETHUSDT,2000-01-01T08:00:00.000Z,0.0001,0.00030000000000000003

2022-10-06T04:00:00.000Z,ETHUSDT,2000-01-01T08:00:00.000Z,0.0001,0.00030000000000000003

2022-10-06T12:00:00.000Z,ETHUSDT,2000-01-01T08:00:00.000Z,0.0001,0.00030000000000000003

2022-10-06T20:00:00.000Z,ETHUSDT,2000-01-01T08:00:00.000Z,6.1e-05,0.000183

2022-10-07T04:00:00.000Z,ETHUSDT,2000-01-01T08:00:00.000Z,-4e-06,-1.2e-05

2022-10-07T12:00:00.000Z,ETHUSDT,2000-01-01T08:00:00.000Z,-9e-06,-2.7e-05

2022-10-07T20:00:00.000Z,ETHUSDT,2000-01-01T08:00:00.000Z,3.5e-05,0.00010499999999999999

2022-10-08T04:00:00.000Z,ETHUSDT,2000-01-01T08:00:00.000Z,8.2e-05,0.000246

2022-10-08T12:00:00.000Z,ETHUSDT,2000-01-01T08:00:00.000Z,0.0001,0.00030000000000000003

2022-10-08T20:00:00.000Z,ETHUSDT,2000-01-01T08:00:00.000Z,0.0001,0.00030000000000000003

2022-10-09T04:00:00.000Z,ETHUSDT,2000-01-01T08:00:00.000Z,0.0001,0.00030000000000000003

2022-10-09T12:00:00.000Z,ETHUSDT,2000-01-01T08:00:00.000Z,3e-06,9e-06

2022-10-09T20:00:00.000Z,ETHUSDT,2000-01-01T08:00:00.000Z,0.0001,0.00030000000000000003

2022-10-10T04:00:00.000Z,ETHUSDT,2000-01-01T08:00:00.000Z,5.6e-05,0.000168

2022-10-10T12:00:00.000Z,ETHUSDT,2000-01-01T08:00:00.000Z,0.0001,0.00030000000000000003

2022-10-10T20:00:00.000Z,ETHUSDT,2000-01-01T08:00:00.000Z,5.3e-05,0.00015900000000000002

2022-10-11T04:00:00.000Z,ETHUSDT,2000-01-01T08:00:00.000Z,0.0001,0.00030000000000000003

2022-10-11T12:00:00.000Z,ETHUSDT,2000-01-01T08:00:00.000Z,0.0001,0.00030000000000000003

2022-10-11T20:00:00.000Z,ETHUSDT,2000-01-01T08:00:00.000Z,6.1e-05,0.000183

2022-10-12T04:00:00.000Z,ETHUSDT,2000-01-01T08:00:00.000Z,-1.1e-05,-3.3e-05

2022-10-12T12:00:00.000Z,ETHUSDT,2000-01-01T08:00:00.000Z,9e-05,0.00027

2022-10-12T20:00:00.000Z,ETHUSDT,2000-01-01T08:00:00.000Z,-0.000105,-0.000315

2022-10-13T04:00:00.000Z,ETHUSDT,2000-01-01T08:00:00.000Z,3.4e-05,0.000102

2022-10-13T12:00:00.000Z,ETHUSDT,2000-01-01T08:00:00.000Z,0.0001,0.00030000000000000003

2022-10-13T20:00:00.000Z,ETHUSDT,2000-01-01T08:00:00.000Z,8.5e-05,0.000255

2022-10-14T04:00:00.000Z,ETHUSDT,2000-01-01T08:00:00.000Z,-8.6e-05,-0.000258

2022-10-14T12:00:00.000Z,ETHUSDT,2000-01-01T08:00:00.000Z,0.0001,0.00030000000000000003

2022-10-14T20:00:00.000Z,ETHUSDT,2000-01-01T08:00:00.000Z,1.8e-05,5.4e-05

2022-10-15T04:00:00.000Z,ETHUSDT,2000-01-01T08:00:00.000Z,5.4e-05,0.00016199999999999998

2022-10-15T12:00:00.000Z,ETHUSDT,2000-01-01T08:00:00.000Z,-2e-06,-6e-06

2022-10-15T20:00:00.000Z,ETHUSDT,2000-01-01T08:00:00.000Z,-0.000112,-0.000336

2022-10-16T04:00:00.000Z,ETHUSDT,2000-01-01T08:00:00.000Z,-0.000144,-0.000432

2022-10-16T12:00:00.000Z,ETHUSDT,2000-01-01T08:00:00.000Z,-0.000307,-0.0009209999999999999

2022-10-16T20:00:00.000Z,ETHUSDT,2000-01-01T08:00:00.000Z,-0.00018,-0.00054

2022-10-17T04:00:00.000Z,ETHUSDT,2000-01-01T08:00:00.000Z,8.3e-05,0.000249

2022-10-17T12:00:00.000Z,ETHUSDT,2000-01-01T08:00:00.000Z,9e-06,2.7e-05

2022-10-17T20:00:00.000Z,ETHUSDT,2000-01-01T08:00:00.000Z,-0.000284,-0.0008520000000000001

2022-10-18T04:00:00.000Z,ETHUSDT,2000-01-01T08:00:00.000Z,-0.000163,-0.0004890000000000001

2022-10-18T12:00:00.000Z,ETHUSDT,2000-01-01T08:00:00.000Z,-0.000155,-0.000465

2022-10-18T20:00:00.000Z,ETHUSDT,2000-01-01T08:00:00.000Z,3.4e-05,0.000102

2022-10-19T04:00:00.000Z,ETHUSDT,2000-01-01T08:00:00.000Z,4.9e-05,0.000147

2022-10-19T12:00:00.000Z,ETHUSDT,2000-01-01T08:00:00.000Z,0.0001,0.00030000000000000003

2022-10-19T20:00:00.000Z,ETHUSDT,2000-01-01T08:00:00.000Z,0.0001,0.00030000000000000003

2022-10-20T04:00:00.000Z,ETHUSDT,2000-01-01T08:00:00.000Z,8.4e-05,0.000252

2022-10-20T12:00:00.000Z,ETHUSDT,2000-01-01T08:00:00.000Z,-7.1e-05,-0.00021300000000000003

2022-10-20T20:00:00.000Z,ETHUSDT,2000-01-01T08:00:00.000Z,-0.000119,-0.000357

2022-10-21T04:00:00.000Z,ETHUSDT,2000-01-01T08:00:00.000Z,-0.000166,-0.000498

2022-10-21T12:00:00.000Z,ETHUSDT,2000-01-01T08:00:00.000Z,2.1e-05,6.3e-05

2022-10-21T20:00:00.000Z,ETHUSDT,2000-01-01T08:00:00.000Z,0.0001,0.00030000000000000003

2022-10-22T04:00:00.000Z,ETHUSDT,2000-01-01T08:00:00.000Z,0.0001,0.00030000000000000003

2022-10-22T12:00:00.000Z,ETHUSDT,2000-01-01T08:00:00.000Z,2.5e-05,7.500000000000001e-05

2022-10-22T20:00:00.000Z,ETHUSDT,2000-01-01T08:00:00.000Z,0.0001,0.00030000000000000003

2022-10-23T04:00:00.000Z,ETHUSDT,2000-01-01T08:00:00.000Z,5.6e-05,0.000168

2022-10-23T12:00:00.000Z,ETHUSDT,2000-01-01T08:00:00.000Z,3.8e-05,0.000114

2022-10-23T20:00:00.000Z,ETHUSDT,2000-01-01T08:00:00.000Z,0.0001,0.00030000000000000003

2022-10-24T04:00:00.000Z,ETHUSDT,2000-01-01T08:00:00.000Z,0.0001,0.00030000000000000003

2022-10-24T12:00:00.000Z,ETHUSDT,2000-01-01T08:00:00.000Z,4.3e-05,0.000129

2022-10-24T20:00:00.000Z,ETHUSDT,2000-01-01T08:00:00.000Z,9e-05,0.00027

2022-10-25T04:00:00.000Z,ETHUSDT,2000-01-01T08:00:00.000Z,2.2e-05,6.6e-05

2022-10-25T12:00:00.000Z,ETHUSDT,2000-01-01T08:00:00.000Z,3.8e-05,0.000114

2022-10-25T20:00:00.000Z,ETHUSDT,2000-01-01T08:00:00.000Z,-8.6e-05,-0.000258

2022-10-26T04:00:00.000Z,ETHUSDT,2000-01-01T08:00:00.000Z,0.0001,0.00030000000000000003

2022-10-26T12:00:00.000Z,ETHUSDT,2000-01-01T08:00:00.000Z,0.0001,0.00030000000000000003

2022-10-26T20:00:00.000Z,ETHUSDT,2000-01-01T08:00:00.000Z,0.0001,0.00030000000000000003

2022-10-27T04:00:00.000Z,ETHUSDT,2000-01-01T08:00:00.000Z,0.0001,0.00030000000000000003

2022-10-27T12:00:00.000Z,ETHUSDT,2000-01-01T08:00:00.000Z,6.6e-05,0.00019800000000000002

2022-10-27T20:00:00.000Z,ETHUSDT,2000-01-01T08:00:00.000Z,5.3e-05,0.00015900000000000002

2022-10-28T04:00:00.000Z,ETHUSDT,2000-01-01T08:00:00.000Z,0.0001,0.00030000000000000003

2022-10-28T12:00:00.000Z,ETHUSDT,2000-01-01T08:00:00.000Z,0.0001,0.00030000000000000003

2022-10-28T20:00:00.000Z,ETHUSDT,2000-01-01T08:00:00.000Z,0.0001,0.00030000000000000003

2022-10-29T04:00:00.000Z,ETHUSDT,2000-01-01T08:00:00.000Z,8.1e-05,0.000243

2022-10-29T12:00:00.000Z,ETHUSDT,2000-01-01T08:00:00.000Z,7.1e-05,0.00021300000000000003

2022-10-29T20:00:00.000Z,ETHUSDT,2000-01-01T08:00:00.000Z,0.0001,0.00030000000000000003

2022-10-30T04:00:00.000Z,ETHUSDT,2000-01-01T08:00:00.000Z,-7.7e-05,-0.000231

2022-10-30T12:00:00.000Z,ETHUSDT,2000-01-01T08:00:00.000Z,-3.4e-05,-0.000102

2022-10-30T20:00:00.000Z,ETHUSDT,2000-01-01T08:00:00.000Z,1.7e-05,5.1e-05

2022-10-31T04:00:00.000Z,ETHUSDT,2000-01-01T08:00:00.000Z,0.0001,0.00030000000000000003

2022-10-31T12:00:00.000Z,ETHUSDT,2000-01-01T08:00:00.000Z,0.0001,0.00030000000000000003

2022-10-31T20:00:00.000Z,ETHUSDT,2000-01-01T08:00:00.000Z,0.0001,0.00030000000000000003

2022-11-01T04:00:00.000Z,ETHUSDT,2000-01-01T08:00:00.000Z,0.0001,0.00030000000000000003

2022-11-01T12:00:00.000Z,ETHUSDT,2000-01-01T08:00:00.000Z,1e-05,3.0000000000000004e-05

2022-11-01T20:00:00.000Z,ETHUSDT,2000-01-01T08:00:00.000Z,-6.8e-05,-0.000204

2022-11-02T04:00:00.000Z,ETHUSDT,2000-01-01T08:00:00.000Z,-1.5e-05,-4.5e-05

2022-11-02T12:00:00.000Z,ETHUSDT,2000-01-01T08:00:00.000Z,4.6e-05,0.000138

2022-11-02T20:00:00.000Z,ETHUSDT,2000-01-01T08:00:00.000Z,8.2e-05,0.000246

2022-11-03T04:00:00.000Z,ETHUSDT,2000-01-01T08:00:00.000Z,9.6e-05,0.000288

2022-11-03T12:00:00.000Z,ETHUSDT,2000-01-01T08:00:00.000Z,2e-05,6.000000000000001e-05

2022-11-03T20:00:00.000Z,ETHUSDT,2000-01-01T08:00:00.000Z,0.0001,0.00030000000000000003

2022-11-04T04:00:00.000Z,ETHUSDT,2000-01-01T08:00:00.000Z,1.8e-05,5.4e-05

2022-11-04T12:00:00.000Z,ETHUSDT,2000-01-01T08:00:00.000Z,9.4e-05,0.00028199999999999997

2022-11-04T20:00:00.000Z,ETHUSDT,2000-01-01T08:00:00.000Z,0.0001,0.00030000000000000003

2022-11-05T04:00:00.000Z,ETHUSDT,2000-01-01T08:00:00.000Z,0.0001,0.00030000000000000003

2022-11-05T12:00:00.000Z,ETHUSDT,2000-01-01T08:00:00.000Z,0.0001,0.00030000000000000003

2022-11-05T20:00:00.000Z,ETHUSDT,2000-01-01T08:00:00.000Z,0.0001,0.00030000000000000003

2022-11-06T04:00:00.000Z,ETHUSDT,2000-01-01T08:00:00.000Z,0.0001,0.00030000000000000003

2022-11-06T12:00:00.000Z,ETHUSDT,2000-01-01T08:00:00.000Z,0.0001,0.00030000000000000003

2022-11-06T20:00:00.000Z,ETHUSDT,2000-01-01T08:00:00.000Z,0.0001,0.00030000000000000003

2022-11-07T04:00:00.000Z,ETHUSDT,2000-01-01T08:00:00.000Z,-4.7e-05,-0.00014099999999999998

2022-11-07T12:00:00.000Z,ETHUSDT,2000-01-01T08:00:00.000Z,-4.8e-05,-0.000144

2022-11-07T20:00:00.000Z,ETHUSDT,2000-01-01T08:00:00.000Z,0.0001,0.00030000000000000003

2022-11-08T04:00:00.000Z,ETHUSDT,2000-01-01T08:00:00.000Z,0.0001,0.00030000000000000003

2022-11-08T12:00:00.000Z,ETHUSDT,2000-01-01T08:00:00.000Z,0.0001,0.00030000000000000003

2022-11-08T20:00:00.000Z,ETHUSDT,2000-01-01T08:00:00.000Z,0.0001,0.00030000000000000003

2022-11-09T04:00:00.000Z,ETHUSDT,2000-01-01T08:00:00.000Z,0.0001,0.00030000000000000003

2022-11-09T12:00:00.000Z,ETHUSDT,2000-01-01T08:00:00.000Z,7.5e-05,0.000225

2022-11-09T20:00:00.000Z,ETHUSDT,2000-01-01T08:00:00.000Z,-0.000248,-0.0007440000000000001

2022-11-10T04:00:00.000Z,ETHUSDT,2000-01-01T08:00:00.000Z,-0.001378,-0.0041340000000000005

2022-11-10T12:00:00.000Z,ETHUSDT,2000-01-01T08:00:00.000Z,-0.001876,-0.005628

2022-11-10T20:00:00.000Z,ETHUSDT,2000-01-01T08:00:00.000Z,-0.000576,-0.001728

2022-11-11T04:00:00.000Z,ETHUSDT,2000-01-01T08:00:00.000Z,-0.000236,-0.000708

2022-11-11T12:00:00.000Z,ETHUSDT,2000-01-01T08:00:00.000Z,-0.000463,-0.001389

2022-11-11T20:00:00.000Z,ETHUSDT,2000-01-01T08:00:00.000Z,-0.000326,-0.0009780000000000001

2022-11-12T04:00:00.000Z,ETHUSDT,2000-01-01T08:00:00.000Z,-0.000269,-0.000807

2022-11-12T12:00:00.000Z,ETHUSDT,2000-01-01T08:00:00.000Z,0.0001,0.00030000000000000003

2022-11-12T20:00:00.000Z,ETHUSDT,2000-01-01T08:00:00.000Z,0.0001,0.00030000000000000003

2022-11-13T04:00:00.000Z,ETHUSDT,2000-01-01T08:00:00.000Z,-0.000225,-0.000675

2022-11-13T12:00:00.000Z,ETHUSDT,2000-01-01T08:00:00.000Z,0.0001,0.00030000000000000003

2022-11-13T20:00:00.000Z,ETHUSDT,2000-01-01T08:00:00.000Z,0.0001,0.00030000000000000003

2022-11-14T04:00:00.000Z,ETHUSDT,2000-01-01T08:00:00.000Z,0.0001,0.00030000000000000003

2022-11-14T12:00:00.000Z,ETHUSDT,2000-01-01T08:00:00.000Z,0.0001,0.00030000000000000003

2022-11-14T20:00:00.000Z,ETHUSDT,2000-01-01T08:00:00.000Z,-4.1e-05,-0.000123

2022-11-15T04:00:00.000Z,ETHUSDT,2000-01-01T08:00:00.000Z,0.0001,0.00030000000000000003

2022-11-15T12:00:00.000Z,ETHUSDT,2000-01-01T08:00:00.000Z,6.7e-05,0.000201

2022-11-15T20:00:00.000Z,ETHUSDT,2000-01-01T08:00:00.000Z,-0.000336,-0.001008

2022-11-16T04:00:00.000Z,ETHUSDT,2000-01-01T08:00:00.000Z,-0.000286,-0.000858

2022-11-16T12:00:00.000Z,ETHUSDT,2000-01-01T08:00:00.000Z,-0.000216,-0.0006479999999999999

2022-11-16T20:00:00.000Z,ETHUSDT,2000-01-01T08:00:00.000Z,3.1e-05,9.300000000000001e-05

2022-11-17T04:00:00.000Z,ETHUSDT,2000-01-01T08:00:00.000Z,0.0001,0.00030000000000000003

2022-11-17T12:00:00.000Z,ETHUSDT,2000-01-01T08:00:00.000Z,0.0001,0.00030000000000000003

2022-11-17T20:00:00.000Z,ETHUSDT,2000-01-01T08:00:00.000Z,0.0001,0.00030000000000000003

2022-11-18T04:00:00.000Z,ETHUSDT,2000-01-01T08:00:00.000Z,0.0001,0.00030000000000000003

2022-11-18T12:00:00.000Z,ETHUSDT,2000-01-01T08:00:00.000Z,0.0001,0.00030000000000000003

2022-11-18T20:00:00.000Z,ETHUSDT,2000-01-01T08:00:00.000Z,0.0001,0.00030000000000000003

2022-11-19T04:00:00.000Z,ETHUSDT,2000-01-01T08:00:00.000Z,0.0001,0.00030000000000000003

2022-11-19T12:00:00.000Z,ETHUSDT,2000-01-01T08:00:00.000Z,0.0001,0.00030000000000000003

2022-11-19T20:00:00.000Z,ETHUSDT,2000-01-01T08:00:00.000Z,0.0001,0.00030000000000000003

2022-11-20T04:00:00.000Z,ETHUSDT,2000-01-01T08:00:00.000Z,0.0001,0.00030000000000000003

2022-11-20T12:00:00.000Z,ETHUSDT,2000-01-01T08:00:00.000Z,0.0001,0.00030000000000000003

2022-11-20T20:00:00.000Z,ETHUSDT,2000-01-01T08:00:00.000Z,-2.5e-05,-7.500000000000001e-05

2022-11-21T04:00:00.000Z,ETHUSDT,2000-01-01T08:00:00.000Z,-0.000492,-0.001476

2022-11-21T12:00:00.000Z,ETHUSDT,2000-01-01T08:00:00.000Z,-9e-06,-2.7e-05

2022-11-21T20:00:00.000Z,ETHUSDT,2000-01-01T08:00:00.000Z,0.0001,0.00030000000000000003

2022-11-22T04:00:00.000Z,ETHUSDT,2000-01-01T08:00:00.000Z,0.0001,0.00030000000000000003

2022-11-22T12:00:00.000Z,ETHUSDT,2000-01-01T08:00:00.000Z,0.0001,0.00030000000000000003

2022-11-22T20:00:00.000Z,ETHUSDT,2000-01-01T08:00:00.000Z,0.0001,0.00030000000000000003

2022-11-23T04:00:00.000Z,ETHUSDT,2000-01-01T08:00:00.000Z,2.2e-05,6.6e-05

2022-11-23T12:00:00.000Z,ETHUSDT,2000-01-01T08:00:00.000Z,5e-05,0.00015000000000000001

2022-11-23T20:00:00.000Z,ETHUSDT,2000-01-01T08:00:00.000Z,0.0001,0.00030000000000000003

2022-11-24T04:00:00.000Z,ETHUSDT,2000-01-01T08:00:00.000Z,-0.000145,-0.000435

2022-11-24T12:00:00.000Z,ETHUSDT,2000-01-01T08:00:00.000Z,0.0001,0.00030000000000000003

2022-11-24T20:00:00.000Z,ETHUSDT,2000-01-01T08:00:00.000Z,-4.9e-05,-0.000147

2022-11-25T04:00:00.000Z,ETHUSDT,2000-01-01T08:00:00.000Z,-0.000273,-0.0008190000000000001

2022-11-25T12:00:00.000Z,ETHUSDT,2000-01-01T08:00:00.000Z,0.0001,0.00030000000000000003

2022-11-25T20:00:00.000Z,ETHUSDT,2000-01-01T08:00:00.000Z,-2.8e-05,-8.4e-05

2022-11-26T04:00:00.000Z,ETHUSDT,2000-01-01T08:00:00.000Z,-0.000218,-0.0006540000000000001

2022-11-26T12:00:00.000Z,ETHUSDT,2000-01-01T08:00:00.000Z,0.0001,0.00030000000000000003

2022-11-26T20:00:00.000Z,ETHUSDT,2000-01-01T08:00:00.000Z,-0.000305,-0.000915

2022-11-27T04:00:00.000Z,ETHUSDT,2000-01-01T08:00:00.000Z,-2e-05,-6.000000000000001e-05

2022-11-27T12:00:00.000Z,ETHUSDT,2000-01-01T08:00:00.000Z,0.0001,0.00030000000000000003

2022-11-27T20:00:00.000Z,ETHUSDT,2000-01-01T08:00:00.000Z,-9.6e-05,-0.000288

2022-11-28T04:00:00.000Z,ETHUSDT,2000-01-01T08:00:00.000Z,0.0001,0.00030000000000000003

2022-11-28T12:00:00.000Z,ETHUSDT,2000-01-01T08:00:00.000Z,0.0001,0.00030000000000000003

2022-11-28T20:00:00.000Z,ETHUSDT,2000-01-01T08:00:00.000Z,0.0001,0.00030000000000000003

2022-11-29T04:00:00.000Z,ETHUSDT,2000-01-01T08:00:00.000Z,0.0001,0.00030000000000000003

2022-11-29T12:00:00.000Z,ETHUSDT,2000-01-01T08:00:00.000Z,0.0001,0.00030000000000000003

2022-11-29T20:00:00.000Z,ETHUSDT,2000-01-01T08:00:00.000Z,-1.6e-05,-4.8e-05

2022-11-30T04:00:00.000Z,ETHUSDT,2000-01-01T08:00:00.000Z,-0.000179,-0.0005369999999999999

2022-11-30T12:00:00.000Z,ETHUSDT,2000-01-01T08:00:00.000Z,0.0001,0.00030000000000000003

2022-11-30T20:00:00.000Z,ETHUSDT,2000-01-01T08:00:00.000Z,0.0001,0.00030000000000000003

2022-12-01T04:00:00.000Z,ETHUSDT,2000-01-01T08:00:00.000Z,0.0001,0.00030000000000000003

2022-12-01T12:00:00.000Z,ETHUSDT,2000-01-01T08:00:00.000Z,-0.000477,-0.001431

2022-12-01T20:00:00.000Z,ETHUSDT,2000-01-01T08:00:00.000Z,0.0001,0.00030000000000000003

2022-12-02T04:00:00.000Z,ETHUSDT,2000-01-01T08:00:00.000Z,0.0001,0.00030000000000000003

2022-12-02T12:00:00.000Z,ETHUSDT,2000-01-01T08:00:00.000Z,0.0001,0.00030000000000000003

2022-12-02T20:00:00.000Z,ETHUSDT,2000-01-01T08:00:00.000Z,-0.000149,-0.00044699999999999997

2022-12-03T04:00:00.000Z,ETHUSDT,2000-01-01T08:00:00.000Z,1.8e-05,5.4e-05

2022-12-03T12:00:00.000Z,ETHUSDT,2000-01-01T08:00:00.000Z,-0.000198,-0.0005939999999999999

2022-12-03T20:00:00.000Z,ETHUSDT,2000-01-01T08:00:00.000Z,-3e-05,-9e-05

2022-12-04T04:00:00.000Z,ETHUSDT,2000-01-01T08:00:00.000Z,0.0001,0.00030000000000000003

2022-12-04T12:00:00.000Z,ETHUSDT,2000-01-01T08:00:00.000Z,0.0001,0.00030000000000000003

2022-12-04T20:00:00.000Z,ETHUSDT,2000-01-01T08:00:00.000Z,0.0001,0.00030000000000000003

2022-12-05T04:00:00.000Z,ETHUSDT,2000-01-01T08:00:00.000Z,0.0001,0.00030000000000000003

2022-12-05T12:00:00.000Z,ETHUSDT,2000-01-01T08:00:00.000Z,-0.00046,-0.0013800000000000002

2022-12-05T20:00:00.000Z,ETHUSDT,2000-01-01T08:00:00.000Z,-0.000803,-0.002409

2022-12-06T04:00:00.000Z,ETHUSDT,2000-01-01T08:00:00.000Z,-4.8e-05,-0.000144

2022-12-06T12:00:00.000Z,ETHUSDT,2000-01-01T08:00:00.000Z,0.0001,0.00030000000000000003

2022-12-06T20:00:00.000Z,ETHUSDT,2000-01-01T08:00:00.000Z,0.0001,0.00030000000000000003

2022-12-07T04:00:00.000Z,ETHUSDT,2000-01-01T08:00:00.000Z,0.0001,0.00030000000000000003

2022-12-07T12:00:00.000Z,ETHUSDT,2000-01-01T08:00:00.000Z,0.0001,0.00030000000000000003

2022-12-07T20:00:00.000Z,ETHUSDT,2000-01-01T08:00:00.000Z,0.0001,0.00030000000000000003

2022-12-08T04:00:00.000Z,ETHUSDT,2000-01-01T08:00:00.000Z,0.0001,0.00030000000000000003

2022-12-08T12:00:00.000Z,ETHUSDT,2000-01-01T08:00:00.000Z,0.0001,0.00030000000000000003

2022-12-08T20:00:00.000Z,ETHUSDT,2000-01-01T08:00:00.000Z,0.0001,0.00030000000000000003

2022-12-09T04:00:00.000Z,ETHUSDT,2000-01-01T08:00:00.000Z,0.0001,0.00030000000000000003

2022-12-09T12:00:00.000Z,ETHUSDT,2000-01-01T08:00:00.000Z,0.0001,0.00030000000000000003

2022-12-09T20:00:00.000Z,ETHUSDT,2000-01-01T08:00:00.000Z,-0.000197,-0.0005909999999999999

2022-12-10T04:00:00.000Z,ETHUSDT,2000-01-01T08:00:00.000Z,-1.5e-05,-4.5e-05

2022-12-10T12:00:00.000Z,ETHUSDT,2000-01-01T08:00:00.000Z,0.0001,0.00030000000000000003

2022-12-10T20:00:00.000Z,ETHUSDT,2000-01-01T08:00:00.000Z,0.0001,0.00030000000000000003

2022-12-11T04:00:00.000Z,ETHUSDT,2000-01-01T08:00:00.000Z,0.0001,0.00030000000000000003

2022-12-11T12:00:00.000Z,ETHUSDT,2000-01-01T08:00:00.000Z,-0.000278,-0.0008339999999999999

2022-12-11T20:00:00.000Z,ETHUSDT,2000-01-01T08:00:00.000Z,-0.000229,-0.000687

2022-12-12T04:00:00.000Z,ETHUSDT,2000-01-01T08:00:00.000Z,5.5e-05,0.000165

2022-12-12T12:00:00.000Z,ETHUSDT,2000-01-01T08:00:00.000Z,-0.000139,-0.00041699999999999994

2022-12-12T20:00:00.000Z,ETHUSDT,2000-01-01T08:00:00.000Z,-0.000227,-0.000681

2022-12-13T04:00:00.000Z,ETHUSDT,2000-01-01T08:00:00.000Z,4e-06,1.2e-05

2022-12-13T12:00:00.000Z,ETHUSDT,2000-01-01T08:00:00.000Z,0.0001,0.00030000000000000003

2022-12-13T20:00:00.000Z,ETHUSDT,2000-01-01T08:00:00.000Z,0.0001,0.00030000000000000003

2022-12-14T04:00:00.000Z,ETHUSDT,2000-01-01T08:00:00.000Z,0.0001,0.00030000000000000003

2022-12-14T12:00:00.000Z,ETHUSDT,2000-01-01T08:00:00.000Z,0.0001,0.00030000000000000003

2022-12-14T20:00:00.000Z,ETHUSDT,2000-01-01T08:00:00.000Z,0.0001,0.00030000000000000003

2022-12-15T04:00:00.000Z,ETHUSDT,2000-01-01T08:00:00.000Z,-3e-05,-9e-05

2022-12-15T12:00:00.000Z,ETHUSDT,2000-01-01T08:00:00.000Z,0.0001,0.00030000000000000003

2022-12-15T20:00:00.000Z,ETHUSDT,2000-01-01T08:00:00.000Z,0.0001,0.00030000000000000003

2022-12-16T04:00:00.000Z,ETHUSDT,2000-01-01T08:00:00.000Z,0.0001,0.00030000000000000003

2022-12-16T12:00:00.000Z,ETHUSDT,2000-01-01T08:00:00.000Z,0.0001,0.00030000000000000003

2022-12-16T20:00:00.000Z,ETHUSDT,2000-01-01T08:00:00.000Z,0.0001,0.00030000000000000003

2022-12-17T04:00:00.000Z,ETHUSDT,2000-01-01T08:00:00.000Z,0.0001,0.00030000000000000003

2022-12-17T12:00:00.000Z,ETHUSDT,2000-01-01T08:00:00.000Z,0.0001,0.00030000000000000003

2022-12-17T20:00:00.000Z,ETHUSDT,2000-01-01T08:00:00.000Z,0.0001,0.00030000000000000003

2022-12-18T04:00:00.000Z,ETHUSDT,2000-01-01T08:00:00.000Z,0.0001,0.00030000000000000003

2022-12-18T12:00:00.000Z,ETHUSDT,2000-01-01T08:00:00.000Z,0.0001,0.00030000000000000003

2022-12-18T20:00:00.000Z,ETHUSDT,2000-01-01T08:00:00.000Z,5.6e-05,0.000168

2022-12-19T04:00:00.000Z,ETHUSDT,2000-01-01T08:00:00.000Z,-2e-06,-6e-06

2022-12-19T12:00:00.000Z,ETHUSDT,2000-01-01T08:00:00.000Z,6.5e-05,0.00019499999999999997

2022-12-19T20:00:00.000Z,ETHUSDT,2000-01-01T08:00:00.000Z,5.1e-05,0.000153

2022-12-20T04:00:00.000Z,ETHUSDT,2000-01-01T08:00:00.000Z,7.5e-05,0.000225

2022-12-20T12:00:00.000Z,ETHUSDT,2000-01-01T08:00:00.000Z,0.0001,0.00030000000000000003

2022-12-20T20:00:00.000Z,ETHUSDT,2000-01-01T08:00:00.000Z,0.0001,0.00030000000000000003

2022-12-21T04:00:00.000Z,ETHUSDT,2000-01-01T08:00:00.000Z,0.0001,0.00030000000000000003

2022-12-21T12:00:00.000Z,ETHUSDT,2000-01-01T08:00:00.000Z,5.3e-05,0.00015900000000000002

2022-12-21T20:00:00.000Z,ETHUSDT,2000-01-01T08:00:00.000Z,-7.9e-05,-0.000237

2022-12-22T04:00:00.000Z,ETHUSDT,2000-01-01T08:00:00.000Z,-0.00012,-0.00036

2022-12-22T12:00:00.000Z,ETHUSDT,2000-01-01T08:00:00.000Z,-4.1e-05,-0.000123

2022-12-22T20:00:00.000Z,ETHUSDT,2000-01-01T08:00:00.000Z,0.0001,0.00030000000000000003

2022-12-23T04:00:00.000Z,ETHUSDT,2000-01-01T08:00:00.000Z,0.0001,0.00030000000000000003

2022-12-23T12:00:00.000Z,ETHUSDT,2000-01-01T08:00:00.000Z,0.0001,0.00030000000000000003

2022-12-23T20:00:00.000Z,ETHUSDT,2000-01-01T08:00:00.000Z,0.0001,0.00030000000000000003

2022-12-24T04:00:00.000Z,ETHUSDT,2000-01-01T08:00:00.000Z,0.0001,0.00030000000000000003

2022-12-24T12:00:00.000Z,ETHUSDT,2000-01-01T08:00:00.000Z,-5e-05,-0.00015000000000000001

2022-12-24T20:00:00.000Z,ETHUSDT,2000-01-01T08:00:00.000Z,-5e-05,-0.00015000000000000001

2022-12-25T04:00:00.000Z,ETHUSDT,2000-01-01T08:00:00.000Z,4.3e-05,0.000129

2022-12-25T12:00:00.000Z,ETHUSDT,2000-01-01T08:00:00.000Z,0.0001,0.00030000000000000003

2022-12-25T20:00:00.000Z,ETHUSDT,2000-01-01T08:00:00.000Z,-0.000152,-0.000456

2022-12-26T04:00:00.000Z,ETHUSDT,2000-01-01T08:00:00.000Z,-0.000222,-0.000666

2022-12-26T12:00:00.000Z,ETHUSDT,2000-01-01T08:00:00.000Z,5.9e-05,0.000177

2022-12-26T20:00:00.000Z,ETHUSDT,2000-01-01T08:00:00.000Z,0.0001,0.00030000000000000003

2022-12-27T04:00:00.000Z,ETHUSDT,2000-01-01T08:00:00.000Z,0.0001,0.00030000000000000003

2022-12-27T12:00:00.000Z,ETHUSDT,2000-01-01T08:00:00.000Z,0.0001,0.00030000000000000003

2022-12-27T20:00:00.000Z,ETHUSDT,2000-01-01T08:00:00.000Z,0.0001,0.00030000000000000003

2022-12-28T04:00:00.000Z,ETHUSDT,2000-01-01T08:00:00.000Z,-4.9e-05,-0.000147

2022-12-28T12:00:00.000Z,ETHUSDT,2000-01-01T08:00:00.000Z,0.0001,0.00030000000000000003

2022-12-28T20:00:00.000Z,ETHUSDT,2000-01-01T08:00:00.000Z,0.0001,0.00030000000000000003

2022-12-29T04:00:00.000Z,ETHUSDT,2000-01-01T08:00:00.000Z,0.0001,0.00030000000000000003

2022-12-29T12:00:00.000Z,ETHUSDT,2000-01-01T08:00:00.000Z,0.0001,0.00030000000000000003

2022-12-29T20:00:00.000Z,ETHUSDT,2000-01-01T08:00:00.000Z,0.0001,0.00030000000000000003

2022-12-30T04:00:00.000Z,ETHUSDT,2000-01-01T08:00:00.000Z,0.0001,0.00030000000000000003

2022-12-30T12:00:00.000Z,ETHUSDT,2000-01-01T08:00:00.000Z,0.0001,0.00030000000000000003

2022-12-30T20:00:00.000Z,ETHUSDT,2000-01-01T08:00:00.000Z,0.0001,0.00030000000000000003

2022-12-31T04:00:00.000Z,ETHUSDT,2000-01-01T08:00:00.000Z,0.0001,0.00030000000000000003

2022-12-31T12:00:00.000Z,ETHUSDT,2000-01-01T08:00:00.000Z,0.0001,0.00030000000000000003

2022-12-31T20:00:00.000Z,ETHUSDT,2000-01-01T08:00:00.000Z,0.0001,0.00030000000000000003

