,Date,fundingrates
0,2021-01-01 04:00:00,0.0001
1,2021-01-01 12:00:00,0.0001
2,2021-01-01 20:00:00,0.000136
3,2021-01-02 04:00:00,0.0001
4,2021-01-02 12:00:00,0.0001
5,2021-01-02 20:00:00,0.000503
6,2021-01-03 04:00:00,0.003082
7,2021-01-03 12:00:00,0.002571
8,2021-01-03 20:00:00,0.002547
9,2021-01-04 04:00:00,0.004279
10,2021-01-04 12:00:00,0.004529999999999999
11,2021-01-04 20:00:00,0.006124
12,2021-01-05 04:00:00,0.003368
13,2021-01-05 12:00:00,0.003293
14,2021-01-05 20:00:00,0.0029219999999999997
15,2021-01-06 04:00:00,0.002535
16,2021-01-06 12:00:00,0.0026219999999999998
17,2021-01-06 20:00:00,0.003539
18,2021-01-07 04:00:00,0.004071
19,2021-01-07 12:00:00,0.003439
20,2021-01-07 20:00:00,0.002735
21,2021-01-08 04:00:00,0.002725
22,2021-01-08 12:00:00,0.002375
23,2021-01-08 20:00:00,0.00238
24,2021-01-09 04:00:00,0.0023829999999999997
25,2021-01-09 12:00:00,0.002294
26,2021-01-09 20:00:00,0.001917
27,2021-01-10 04:00:00,0.00237
28,2021-01-10 12:00:00,0.004045
29,2021-01-10 20:00:00,0.003943
30,2021-01-11 04:00:00,0.003691
31,2021-01-11 12:00:00,0.004609
32,2021-01-11 20:00:00,0.003163
33,2021-01-12 04:00:00,0.002435
34,2021-01-12 12:00:00,0.00011200000000000001
35,2021-01-12 20:00:00,0.0014869999999999998
36,2021-01-13 04:00:00,0.0038280000000000002
37,2021-01-13 12:00:00,0.004108
38,2021-01-13 20:00:00,0.003565
39,2021-01-14 04:00:00,0.00313
40,2021-01-14 12:00:00,0.0035060000000000004
41,2021-01-14 20:00:00,0.00307
42,2021-01-15 04:00:00,0.0033090000000000003
43,2021-01-15 12:00:00,0.0032049999999999995
44,2021-01-15 20:00:00,0.0028309999999999997
45,2021-01-16 04:00:00,0.002369
46,2021-01-16 12:00:00,0.001245
47,2021-01-16 20:00:00,0.001714
48,2021-01-17 04:00:00,0.004273
49,2021-01-17 12:00:00,0.0032159999999999997
50,2021-01-17 20:00:00,0.001583
51,2021-01-18 04:00:00,0.0024530000000000003
52,2021-01-18 12:00:00,0.0033179999999999998
53,2021-01-18 20:00:00,0.0019199999999999998
54,2021-01-19 04:00:00,0.0018850000000000002
55,2021-01-19 12:00:00,0.003322
56,2021-01-19 20:00:00,0.005282
57,2021-01-20 04:00:00,0.005143
58,2021-01-20 12:00:00,0.0033539999999999998
59,2021-01-20 20:00:00,0.00212
60,2021-01-21 04:00:00,0.000675
61,2021-01-21 12:00:00,0.001208
62,2021-01-21 20:00:00,0.00125
63,2021-01-22 04:00:00,0.000499
64,2021-01-22 12:00:00,0.0001
65,2021-01-22 20:00:00,0.0001
66,2021-01-23 04:00:00,0.000489
67,2021-01-23 12:00:00,0.001691
68,2021-01-23 20:00:00,0.0010119999999999999
69,2021-01-24 04:00:00,0.001242
70,2021-01-24 12:00:00,0.001577
71,2021-01-24 20:00:00,0.002094
72,2021-01-25 04:00:00,0.0021079999999999996
73,2021-01-25 12:00:00,0.002561
74,2021-01-25 20:00:00,0.002594
75,2021-01-26 04:00:00,0.0018989999999999999
76,2021-01-26 12:00:00,0.000695
77,2021-01-26 20:00:00,0.000489
78,2021-01-27 04:00:00,0.00020800000000000001
79,2021-01-27 12:00:00,0.000904
80,2021-01-27 20:00:00,0.000259
81,2021-01-28 04:00:00,0.000117
82,2021-01-28 12:00:00,0.000122
83,2021-01-28 20:00:00,0.000605
84,2021-01-29 04:00:00,0.0010869999999999999
85,2021-01-29 12:00:00,0.0007610000000000001
86,2021-01-29 20:00:00,0.001172
87,2021-01-30 04:00:00,0.0025239999999999998
88,2021-01-30 12:00:00,0.002153
89,2021-01-30 20:00:00,0.001626
90,2021-01-31 04:00:00,0.0018390000000000001
91,2021-01-31 12:00:00,0.0019579999999999997
92,2021-01-31 20:00:00,0.001738
93,2021-02-01 04:00:00,0.0006450000000000001
94,2021-02-01 12:00:00,0.000256
95,2021-02-01 20:00:00,0.000828
96,2021-02-02 04:00:00,0.0006900000000000001
97,2021-02-02 12:00:00,0.001247
98,2021-02-02 20:00:00,0.002629
99,2021-02-03 04:00:00,0.002577
100,2021-02-03 12:00:00,0.00236
101,2021-02-03 20:00:00,0.002195
102,2021-02-04 04:00:00,0.0017350000000000002
103,2021-02-04 12:00:00,0.0017230000000000001
104,2021-02-04 20:00:00,0.001462
105,2021-02-05 04:00:00,0.001038
106,2021-02-05 12:00:00,0.0008150000000000001
107,2021-02-05 20:00:00,0.0017980000000000001
108,2021-02-06 04:00:00,0.002204
109,2021-02-06 12:00:00,0.001584
110,2021-02-06 20:00:00,0.001098
111,2021-02-07 04:00:00,0.000964
112,2021-02-07 12:00:00,0.001422
113,2021-02-07 20:00:00,0.0008060000000000001
114,2021-02-08 04:00:00,0.0001
115,2021-02-08 12:00:00,0.0001
116,2021-02-08 20:00:00,0.000793
117,2021-02-09 04:00:00,0.0037049999999999995
118,2021-02-09 12:00:00,0.003482
119,2021-02-09 20:00:00,0.002665
120,2021-02-10 04:00:00,0.0009390000000000001
121,2021-02-10 12:00:00,0.001221
122,2021-02-10 20:00:00,0.001889
123,2021-02-11 04:00:00,0.00105
124,2021-02-11 12:00:00,0.000726
125,2021-02-11 20:00:00,0.001466
126,2021-02-12 04:00:00,0.0025559999999999997
127,2021-02-12 12:00:00,0.001381
128,2021-02-12 20:00:00,0.00020299999999999997
129,2021-02-13 04:00:00,0.002191
130,2021-02-13 12:00:00,0.003682
131,2021-02-13 20:00:00,0.002616
132,2021-02-14 04:00:00,0.000995
133,2021-02-14 12:00:00,0.0008460000000000001
134,2021-02-14 20:00:00,0.002739
135,2021-02-15 04:00:00,0.0012980000000000001
136,2021-02-15 12:00:00,0.00024300000000000002
137,2021-02-15 20:00:00,0.0001
138,2021-02-16 04:00:00,0.001541
139,2021-02-16 12:00:00,0.0018219999999999998
140,2021-02-16 20:00:00,0.002054
141,2021-02-17 04:00:00,0.001183
142,2021-02-17 12:00:00,0.001007
143,2021-02-17 20:00:00,0.001865
144,2021-02-18 04:00:00,0.002956
145,2021-02-18 12:00:00,0.00292
146,2021-02-18 20:00:00,0.003172
147,2021-02-19 04:00:00,0.002017
148,2021-02-19 12:00:00,0.001207
149,2021-02-19 20:00:00,0.002273
150,2021-02-20 04:00:00,0.002264
151,2021-02-20 12:00:00,0.002163
152,2021-02-20 20:00:00,0.00231
153,2021-02-21 04:00:00,0.0016420000000000002
154,2021-02-21 12:00:00,0.0001
155,2021-02-21 20:00:00,0.0001
156,2021-02-22 04:00:00,0.001411
157,2021-02-22 12:00:00,0.000714
158,2021-02-22 20:00:00,0.000672
159,2021-02-23 04:00:00,0.000795
160,2021-02-23 12:00:00,0.000426
161,2021-02-23 20:00:00,0.001508
162,2021-02-24 04:00:00,0.001524
163,2021-02-24 12:00:00,0.0011710000000000002
164,2021-02-24 20:00:00,0.0016010000000000002
165,2021-02-25 04:00:00,0.001991
166,2021-02-25 12:00:00,0.002199
167,2021-02-25 20:00:00,0.001536
168,2021-02-26 04:00:00,0.0012779999999999998
169,2021-02-26 12:00:00,0.001088
170,2021-02-26 20:00:00,0.001169
171,2021-02-27 04:00:00,0.000999
172,2021-02-27 12:00:00,0.001743
173,2021-02-27 20:00:00,0.002111
174,2021-02-28 04:00:00,0.001598
175,2021-02-28 12:00:00,0.001273
176,2021-02-28 20:00:00,0.000918
177,2021-03-01 04:00:00,0.000705
178,2021-03-01 12:00:00,0.000662
179,2021-03-01 20:00:00,0.000775
180,2021-03-02 04:00:00,0.000763
181,2021-03-02 12:00:00,0.001151
182,2021-03-02 20:00:00,0.001217
183,2021-03-03 04:00:00,0.000839
184,2021-03-03 12:00:00,0.0001
185,2021-03-03 20:00:00,0.0001
186,2021-03-04 04:00:00,0.00112
187,2021-03-04 12:00:00,0.000587
188,2021-03-04 20:00:00,0.0001
189,2021-03-05 04:00:00,0.000266
190,2021-03-05 12:00:00,0.0001
191,2021-03-05 20:00:00,0.000132
192,2021-03-06 04:00:00,0.000241
193,2021-03-06 12:00:00,0.000852
194,2021-03-06 20:00:00,0.001302
195,2021-03-07 04:00:00,0.00044100000000000004
196,2021-03-07 12:00:00,0.000446
197,2021-03-07 20:00:00,0.000429
198,2021-03-08 04:00:00,0.000537
199,2021-03-08 12:00:00,0.0006889999999999999
200,2021-03-08 20:00:00,0.0009119999999999999
201,2021-03-09 04:00:00,0.001024
202,2021-03-09 12:00:00,0.001466
203,2021-03-09 20:00:00,0.002111
204,2021-03-10 04:00:00,0.0017620000000000001
205,2021-03-10 12:00:00,0.0014550000000000001
206,2021-03-10 20:00:00,0.001296
207,2021-03-11 04:00:00,0.0018859999999999999
208,2021-03-11 12:00:00,0.001572
209,2021-03-11 20:00:00,0.0010869999999999999
210,2021-03-12 04:00:00,0.0015789999999999999
211,2021-03-12 12:00:00,0.002163
212,2021-03-12 20:00:00,0.001459
213,2021-03-13 04:00:00,0.000962
214,2021-03-13 12:00:00,0.000493
215,2021-03-13 20:00:00,0.001424
216,2021-03-14 04:00:00,0.002468
217,2021-03-14 12:00:00,0.0021899999999999997
218,2021-03-14 20:00:00,0.001643
219,2021-03-15 04:00:00,0.001153
220,2021-03-15 12:00:00,0.0014140000000000001
221,2021-03-15 20:00:00,0.001003
222,2021-03-16 04:00:00,0.00021
223,2021-03-16 12:00:00,0.0001
224,2021-03-16 20:00:00,0.00040899999999999997
225,2021-03-17 04:00:00,0.000563
226,2021-03-17 12:00:00,0.00047000000000000004
227,2021-03-17 20:00:00,0.000277
228,2021-03-18 04:00:00,0.000376
229,2021-03-18 12:00:00,0.002068
230,2021-03-18 20:00:00,0.001338
231,2021-03-19 04:00:00,0.000663
232,2021-03-19 12:00:00,0.0001
233,2021-03-19 20:00:00,0.000182
234,2021-03-20 04:00:00,0.000878
235,2021-03-20 12:00:00,0.001439
236,2021-03-20 20:00:00,0.001274
237,2021-03-21 04:00:00,0.001525
238,2021-03-21 12:00:00,0.00044400000000000006
239,2021-03-21 20:00:00,0.0001
240,2021-03-22 04:00:00,0.0001
241,2021-03-22 12:00:00,0.0001
242,2021-03-22 20:00:00,0.001001
243,2021-03-23 04:00:00,0.00040899999999999997
244,2021-03-23 12:00:00,0.0001
245,2021-03-23 20:00:00,0.0001
246,2021-03-24 04:00:00,0.0001
247,2021-03-24 12:00:00,0.000161
248,2021-03-24 20:00:00,0.0001
249,2021-03-25 04:00:00,0.001072
250,2021-03-25 12:00:00,0.00037999999999999997
251,2021-03-25 20:00:00,0.0001
252,2021-03-26 04:00:00,0.000965
253,2021-03-26 12:00:00,0.000745
254,2021-03-26 20:00:00,0.000375
255,2021-03-27 04:00:00,0.0001
256,2021-03-27 12:00:00,0.000401
257,2021-03-27 20:00:00,0.000907
258,2021-03-28 04:00:00,0.001066
259,2021-03-28 12:00:00,0.001368
260,2021-03-28 20:00:00,0.0012900000000000001
261,2021-03-29 04:00:00,0.001155
262,2021-03-29 12:00:00,0.001451
263,2021-03-29 20:00:00,0.001259
264,2021-03-30 04:00:00,0.001125
265,2021-03-30 12:00:00,0.001431
266,2021-03-30 20:00:00,0.001032
267,2021-03-31 04:00:00,0.0009609999999999999
268,2021-03-31 12:00:00,0.00118
269,2021-03-31 20:00:00,0.001375
270,2021-04-01 04:00:00,0.000897
271,2021-04-01 12:00:00,0.002088
272,2021-04-01 20:00:00,0.0021420000000000002
273,2021-04-02 04:00:00,0.001666
274,2021-04-02 12:00:00,0.002523
275,2021-04-02 20:00:00,0.002227
276,2021-04-03 04:00:00,0.0018859999999999999
277,2021-04-03 12:00:00,0.0019420000000000001
278,2021-04-03 20:00:00,0.001996
279,2021-04-04 04:00:00,0.001062
280,2021-04-04 12:00:00,0.000874
281,2021-04-04 20:00:00,0.000791
282,2021-04-05 04:00:00,0.000852
283,2021-04-05 12:00:00,0.001296
284,2021-04-05 20:00:00,0.0007740000000000001
285,2021-04-06 04:00:00,0.0017989999999999998
286,2021-04-06 12:00:00,0.00349
287,2021-04-06 20:00:00,0.0020329999999999997
288,2021-04-07 04:00:00,0.0008060000000000001
289,2021-04-07 12:00:00,0.00061
290,2021-04-07 20:00:00,0.001078
291,2021-04-08 04:00:00,0.000665
292,2021-04-08 12:00:00,0.000973
293,2021-04-08 20:00:00,0.000859
294,2021-04-09 04:00:00,0.000667
295,2021-04-09 12:00:00,0.0011710000000000002
296,2021-04-09 20:00:00,0.001333
297,2021-04-10 04:00:00,0.0011710000000000002
298,2021-04-10 12:00:00,0.0013599999999999999
299,2021-04-10 20:00:00,0.0066099999999999996
300,2021-04-11 04:00:00,0.004159
301,2021-04-11 12:00:00,0.00227
302,2021-04-11 20:00:00,0.002353
303,2021-04-12 04:00:00,0.0026079999999999996
304,2021-04-12 12:00:00,0.0024
305,2021-04-12 20:00:00,0.003188
306,2021-04-13 04:00:00,0.001825
307,2021-04-13 12:00:00,0.001816
308,2021-04-13 20:00:00,0.0032619999999999997
309,2021-04-14 04:00:00,0.0028829999999999997
310,2021-04-14 12:00:00,0.002983
311,2021-04-14 20:00:00,0.002648
312,2021-04-15 04:00:00,0.0022890000000000002
313,2021-04-15 12:00:00,0.0021550000000000002
314,2021-04-15 20:00:00,0.001813
315,2021-04-16 04:00:00,0.001086
316,2021-04-16 12:00:00,0.001379
317,2021-04-16 20:00:00,0.0012259999999999999
318,2021-04-17 04:00:00,0.000663
319,2021-04-17 12:00:00,0.000572
320,2021-04-17 20:00:00,0.001097
321,2021-04-18 04:00:00,0.0008060000000000001
322,2021-04-18 12:00:00,0.0001
323,2021-04-18 20:00:00,0.000393
324,2021-04-19 04:00:00,0.000606
325,2021-04-19 12:00:00,0.0009570000000000001
326,2021-04-19 20:00:00,0.0014089999999999999
327,2021-04-20 04:00:00,0.001361
328,2021-04-20 12:00:00,0.0009599999999999999
329,2021-04-20 20:00:00,0.001004
330,2021-04-21 04:00:00,0.0009550000000000001
331,2021-04-21 12:00:00,0.0008410000000000001
332,2021-04-21 20:00:00,0.0014210000000000002
333,2021-04-22 04:00:00,0.001037
334,2021-04-22 12:00:00,0.001142
335,2021-04-22 20:00:00,0.001369
336,2021-04-23 04:00:00,0.001188
337,2021-04-23 12:00:00,0.001478
338,2021-04-23 20:00:00,0.00158
339,2021-04-24 04:00:00,0.001186
340,2021-04-24 12:00:00,0.001016
341,2021-04-24 20:00:00,0.001439
342,2021-04-25 04:00:00,0.001449
343,2021-04-25 12:00:00,0.0015660000000000001
344,2021-04-25 20:00:00,0.001866
345,2021-04-26 04:00:00,0.0018210000000000001
346,2021-04-26 12:00:00,0.001444
347,2021-04-26 20:00:00,0.001482
348,2021-04-27 04:00:00,0.001442
349,2021-04-27 12:00:00,0.0015
350,2021-04-27 20:00:00,0.001364
351,2021-04-28 04:00:00,0.0017230000000000001
352,2021-04-28 12:00:00,0.002026
353,2021-04-28 20:00:00,0.0010140000000000001
354,2021-04-29 04:00:00,0.00088
355,2021-04-29 12:00:00,0.00126
356,2021-04-29 20:00:00,0.00121
357,2021-04-30 04:00:00,0.000859
358,2021-04-30 12:00:00,0.0009880000000000002
359,2021-04-30 20:00:00,0.001403
360,2021-05-01 04:00:00,0.001139
361,2021-05-01 12:00:00,0.000722
362,2021-05-01 20:00:00,0.001067
363,2021-05-02 04:00:00,0.000376
364,2021-05-02 12:00:00,0.000384
365,2021-05-02 20:00:00,0.0009279999999999999
366,2021-05-03 04:00:00,0.000908
367,2021-05-03 12:00:00,0.00112
368,2021-05-03 20:00:00,0.001193
369,2021-05-04 04:00:00,0.0009429999999999999
370,2021-05-04 12:00:00,0.000708
371,2021-05-04 20:00:00,0.0009710000000000001
372,2021-05-05 04:00:00,0.0008759999999999999
373,2021-05-05 12:00:00,0.001265
374,2021-05-05 20:00:00,0.000889
375,2021-05-06 04:00:00,0.001325
376,2021-05-06 12:00:00,0.0013210000000000001
377,2021-05-06 20:00:00,0.001235
378,2021-05-07 04:00:00,0.0015220000000000001
379,2021-05-07 12:00:00,0.000989
380,2021-05-07 20:00:00,0.0008990000000000001
381,2021-05-08 04:00:00,0.000801
382,2021-05-08 12:00:00,0.0009369999999999999
383,2021-05-08 20:00:00,0.001088
384,2021-05-09 04:00:00,0.0001
385,2021-05-09 12:00:00,0.0001
386,2021-05-09 20:00:00,0.000791
387,2021-05-10 04:00:00,0.00020099999999999998
388,2021-05-10 12:00:00,0.00047999999999999996
389,2021-05-10 20:00:00,0.001248
390,2021-05-11 04:00:00,0.000643
391,2021-05-11 12:00:00,0.000986
392,2021-05-11 20:00:00,0.0008759999999999999
393,2021-05-12 04:00:00,0.001034
394,2021-05-12 12:00:00,0.001251
395,2021-05-12 20:00:00,0.001287
396,2021-05-13 04:00:00,0.000772
397,2021-05-13 12:00:00,0.000733
398,2021-05-13 20:00:00,0.002177
399,2021-05-14 04:00:00,0.001907
400,2021-05-14 12:00:00,0.00149
401,2021-05-14 20:00:00,0.0009570000000000001
402,2021-05-15 04:00:00,0.00045
403,2021-05-15 12:00:00,0.001679
404,2021-05-15 20:00:00,0.001689
405,2021-05-16 04:00:00,0.0017620000000000001
406,2021-05-16 12:00:00,0.0019579999999999997
407,2021-05-16 20:00:00,0.001968
408,2021-05-17 04:00:00,0.001032
409,2021-05-17 12:00:00,0.001376
410,2021-05-17 20:00:00,0.0016640000000000001
411,2021-05-18 04:00:00,0.001492
412,2021-05-18 12:00:00,0.0009019999999999999
413,2021-05-18 20:00:00,0.0013050000000000002
414,2021-05-19 04:00:00,0.001326
415,2021-05-19 12:00:00,0.002095
416,2021-05-19 20:00:00,0.00375
417,2021-05-20 04:00:00,0.0001
418,2021-05-20 12:00:00,0.00375
419,2021-05-20 20:00:00,0.002418
420,2021-05-21 04:00:00,0.000657
421,2021-05-21 12:00:00,0.000177
422,2021-05-21 20:00:00,0.000975
423,2021-05-22 04:00:00,0.002372
424,2021-05-22 12:00:00,0.00375
425,2021-05-22 20:00:00,0.003544
426,2021-05-23 04:00:00,0.00277
427,2021-05-23 12:00:00,0.002602
428,2021-05-23 20:00:00,0.002282
429,2021-05-24 04:00:00,0.0033979999999999995
430,2021-05-24 12:00:00,0.003471
431,2021-05-24 20:00:00,0.003339
432,2021-05-25 04:00:00,0.000874
433,2021-05-25 12:00:00,0.0001
434,2021-05-25 20:00:00,0.001308
435,2021-05-26 04:00:00,0.0026100000000000003
436,2021-05-26 12:00:00,0.003439
437,2021-05-26 20:00:00,0.002271
438,2021-05-27 04:00:00,0.001725
439,2021-05-27 12:00:00,0.000919
440,2021-05-27 20:00:00,0.001132
441,2021-05-28 04:00:00,0.001726
442,2021-05-28 12:00:00,0.0008289999999999999
443,2021-05-28 20:00:00,0.000722
444,2021-05-29 04:00:00,0.0013599999999999999
445,2021-05-29 12:00:00,0.001936
446,2021-05-29 20:00:00,0.001446
447,2021-05-30 04:00:00,0.0016300000000000002
448,2021-05-30 12:00:00,0.001178
449,2021-05-30 20:00:00,0.0008869999999999999
450,2021-05-31 04:00:00,0.000874
451,2021-05-31 12:00:00,0.000984
452,2021-05-31 20:00:00,0.001315
453,2021-06-01 04:00:00,0.001208
454,2021-06-01 12:00:00,0.000491
455,2021-06-01 20:00:00,0.0007440000000000001
456,2021-06-02 04:00:00,0.000986
457,2021-06-02 12:00:00,0.000799
458,2021-06-02 20:00:00,0.0018280000000000002
459,2021-06-03 04:00:00,0.001929
460,2021-06-03 12:00:00,0.000817
461,2021-06-03 20:00:00,0.000449
462,2021-06-04 04:00:00,0.0001
463,2021-06-04 12:00:00,0.0001
464,2021-06-04 20:00:00,0.0001
465,2021-06-05 04:00:00,-0.00042199999999999996
466,2021-06-05 12:00:00,0.0001
467,2021-06-05 20:00:00,0.0006730000000000001
468,2021-06-06 04:00:00,0.0001
469,2021-06-06 12:00:00,0.0001
470,2021-06-06 20:00:00,0.000624
471,2021-06-07 04:00:00,0.000926
472,2021-06-07 12:00:00,0.0009460000000000001
473,2021-06-07 20:00:00,0.000434
474,2021-06-08 04:00:00,0.000296
475,2021-06-08 12:00:00,0.0001
476,2021-06-08 20:00:00,0.000139
477,2021-06-09 04:00:00,0.001263
478,2021-06-09 12:00:00,0.001174
479,2021-06-09 20:00:00,0.0001
480,2021-06-10 04:00:00,0.0001
481,2021-06-10 12:00:00,0.0005480000000000001
482,2021-06-10 20:00:00,0.001009
483,2021-06-11 04:00:00,0.000395
484,2021-06-11 12:00:00,0.000575
485,2021-06-11 20:00:00,0.001029
486,2021-06-12 04:00:00,0.00091
487,2021-06-12 12:00:00,0.0008029999999999999
488,2021-06-12 20:00:00,0.0010199999999999999
489,2021-06-13 04:00:00,0.000669
490,2021-06-13 12:00:00,0.00066
491,2021-06-13 20:00:00,0.0001
492,2021-06-14 04:00:00,0.000598
493,2021-06-14 12:00:00,0.001413
494,2021-06-14 20:00:00,0.00085
495,2021-06-15 04:00:00,0.0001
496,2021-06-15 12:00:00,0.0001
497,2021-06-15 20:00:00,0.0001
498,2021-06-16 04:00:00,0.0001
499,2021-06-16 12:00:00,0.0001
500,2021-06-16 20:00:00,0.0001
501,2021-06-17 04:00:00,0.0001
502,2021-06-17 12:00:00,0.0001
503,2021-06-17 20:00:00,0.0001
504,2021-06-18 04:00:00,0.0001
505,2021-06-18 12:00:00,0.0001
506,2021-06-18 20:00:00,0.0001
507,2021-06-19 04:00:00,0.0001
508,2021-06-19 12:00:00,0.0001
509,2021-06-19 20:00:00,0.00011200000000000001
510,2021-06-20 04:00:00,0.00011999999999999999
511,2021-06-20 12:00:00,0.0001
512,2021-06-20 20:00:00,0.000839
513,2021-06-21 04:00:00,0.0001
514,2021-06-21 12:00:00,0.001199
515,2021-06-21 20:00:00,-5.4000000000000005e-05
516,2021-06-22 04:00:00,0.0001
517,2021-06-22 12:00:00,0.0001
518,2021-06-22 20:00:00,0.000377
519,2021-06-23 04:00:00,0.000628
520,2021-06-23 12:00:00,0.0001
521,2021-06-23 20:00:00,0.0001
522,2021-06-24 04:00:00,0.0006519999999999999
523,2021-06-24 12:00:00,0.000942
524,2021-06-24 20:00:00,0.001301
525,2021-06-25 04:00:00,0.000923
526,2021-06-25 12:00:00,0.0007700000000000001
527,2021-06-25 20:00:00,0.000264
528,2021-06-26 04:00:00,0.0001
529,2021-06-26 12:00:00,0.000499
530,2021-06-26 20:00:00,0.000518
531,2021-06-27 04:00:00,0.0001
532,2021-06-27 12:00:00,4.8e-05
533,2021-06-27 20:00:00,0.0001
534,2021-06-28 04:00:00,-0.000241
535,2021-06-28 12:00:00,0.0001
536,2021-06-28 20:00:00,0.000294
537,2021-06-29 04:00:00,0.00018999999999999998
538,2021-06-29 12:00:00,0.00011200000000000001
539,2021-06-29 20:00:00,0.0001
540,2021-06-30 04:00:00,0.0001
541,2021-06-30 12:00:00,0.0001
542,2021-06-30 20:00:00,0.000518
543,2021-07-01 04:00:00,0.0013599999999999999
544,2021-07-01 12:00:00,0.000788
545,2021-07-01 20:00:00,-0.00011999999999999999
546,2021-07-02 04:00:00,0.0001
547,2021-07-02 12:00:00,0.00038199999999999996
548,2021-07-02 20:00:00,0.0008320000000000001
549,2021-07-03 04:00:00,0.001025
550,2021-07-03 12:00:00,0.001082
551,2021-07-03 20:00:00,0.001351
552,2021-07-04 04:00:00,0.000907
553,2021-07-04 12:00:00,0.000749
554,2021-07-04 20:00:00,0.001469
555,2021-07-05 04:00:00,0.0001
556,2021-07-05 12:00:00,0.0001
557,2021-07-05 20:00:00,0.0001
558,2021-07-06 04:00:00,5.2000000000000004e-05
559,2021-07-06 12:00:00,-1e-06
560,2021-07-06 20:00:00,0.00023199999999999997
561,2021-07-07 04:00:00,0.0001
562,2021-07-07 12:00:00,0.0001
563,2021-07-07 20:00:00,0.000599
564,2021-07-08 04:00:00,0.0001
565,2021-07-08 12:00:00,0.0001
566,2021-07-08 20:00:00,0.0001
567,2021-07-09 04:00:00,0.00044
568,2021-07-09 12:00:00,0.000335
569,2021-07-09 20:00:00,0.000796
570,2021-07-10 04:00:00,0.000607
571,2021-07-10 12:00:00,0.0001
572,2021-07-10 20:00:00,0.0001
573,2021-07-11 04:00:00,0.0001
574,2021-07-11 12:00:00,0.000225
575,2021-07-11 20:00:00,0.0004940000000000001
576,2021-07-12 04:00:00,0.0004
577,2021-07-12 12:00:00,0.00020899999999999998
578,2021-07-12 20:00:00,0.000173
579,2021-07-13 04:00:00,0.0001
580,2021-07-13 12:00:00,0.0001
581,2021-07-13 20:00:00,0.0001
582,2021-07-14 04:00:00,0.0001
583,2021-07-14 12:00:00,0.0001
584,2021-07-14 20:00:00,0.0001
585,2021-07-15 04:00:00,0.0001
586,2021-07-15 12:00:00,0.0001
587,2021-07-15 20:00:00,0.0001
588,2021-07-16 04:00:00,0.0001
589,2021-07-16 12:00:00,0.000298
590,2021-07-16 20:00:00,0.0001
591,2021-07-17 04:00:00,0.0001
592,2021-07-17 12:00:00,0.0001
593,2021-07-17 20:00:00,0.0001
594,2021-07-18 04:00:00,0.0001
595,2021-07-18 12:00:00,0.000732
596,2021-07-18 20:00:00,0.000502
597,2021-07-19 04:00:00,0.0001
598,2021-07-19 12:00:00,0.0001
599,2021-07-19 20:00:00,0.0001
600,2021-07-20 04:00:00,0.0001
601,2021-07-20 12:00:00,0.0001
602,2021-07-20 20:00:00,9.7e-05
603,2021-07-21 04:00:00,0.0001
604,2021-07-21 12:00:00,0.0001
605,2021-07-21 20:00:00,0.000386
606,2021-07-22 04:00:00,0.00046399999999999995
607,2021-07-22 12:00:00,0.000434
608,2021-07-22 20:00:00,0.00013000000000000002
609,2021-07-23 04:00:00,0.000551
610,2021-07-23 12:00:00,0.000536
611,2021-07-23 20:00:00,0.000361
612,2021-07-24 04:00:00,0.000109
613,2021-07-24 12:00:00,0.0001
614,2021-07-24 20:00:00,0.0001
615,2021-07-25 04:00:00,0.0001
616,2021-07-25 12:00:00,0.0001
617,2021-07-25 20:00:00,0.0001
618,2021-07-26 04:00:00,0.0001
619,2021-07-26 12:00:00,0.000502
620,2021-07-26 20:00:00,0.0001
621,2021-07-27 04:00:00,4e-05
622,2021-07-27 12:00:00,-9.300000000000001e-05
623,2021-07-27 20:00:00,-0.000164
624,2021-07-28 04:00:00,0.0001
625,2021-07-28 12:00:00,0.000298
626,2021-07-28 20:00:00,0.000207
627,2021-07-29 04:00:00,0.0001
628,2021-07-29 12:00:00,0.000341
629,2021-07-29 20:00:00,0.000602
630,2021-07-30 04:00:00,0.000305
631,2021-07-30 12:00:00,0.0005639999999999999
632,2021-07-30 20:00:00,0.000239
633,2021-07-31 04:00:00,0.0001
634,2021-07-31 12:00:00,0.000129
635,2021-07-31 20:00:00,0.000254
636,2021-08-01 04:00:00,0.0001
637,2021-08-01 12:00:00,0.0001
638,2021-08-01 20:00:00,0.0001
639,2021-08-02 04:00:00,0.0001
640,2021-08-02 12:00:00,0.0001
641,2021-08-02 20:00:00,0.0001
642,2021-08-03 04:00:00,0.0001
643,2021-08-03 12:00:00,-0.00018999999999999998
644,2021-08-03 20:00:00,0.0001
645,2021-08-04 04:00:00,0.000442
646,2021-08-04 12:00:00,0.00045700000000000005
647,2021-08-04 20:00:00,0.000417
648,2021-08-05 04:00:00,0.0009029999999999999
649,2021-08-05 12:00:00,0.000669
650,2021-08-05 20:00:00,0.0001
651,2021-08-06 04:00:00,0.00031099999999999997
652,2021-08-06 12:00:00,0.000863
653,2021-08-06 20:00:00,0.000671
654,2021-08-07 04:00:00,0.001036
655,2021-08-07 12:00:00,0.0007160000000000001
656,2021-08-07 20:00:00,0.000433
657,2021-08-08 04:00:00,0.0004969999999999999
658,2021-08-08 12:00:00,0.0001
659,2021-08-08 20:00:00,0.0001
660,2021-08-09 04:00:00,0.001417
661,2021-08-09 12:00:00,0.001129
662,2021-08-09 20:00:00,0.000573
663,2021-08-10 04:00:00,0.00022799999999999999
664,2021-08-10 12:00:00,0.00061
665,2021-08-10 20:00:00,0.000545
666,2021-08-11 04:00:00,0.00018999999999999998
667,2021-08-11 12:00:00,0.00035800000000000003
668,2021-08-11 20:00:00,0.00018
669,2021-08-12 04:00:00,0.000183
670,2021-08-12 12:00:00,0.0001
671,2021-08-12 20:00:00,0.0001
672,2021-08-13 04:00:00,0.0001
673,2021-08-13 12:00:00,0.0001
674,2021-08-13 20:00:00,0.000521
675,2021-08-14 04:00:00,0.0008550000000000001
676,2021-08-14 12:00:00,0.000842
677,2021-08-14 20:00:00,0.000516
678,2021-08-15 04:00:00,0.0001
679,2021-08-15 12:00:00,0.0001
680,2021-08-15 20:00:00,0.0001
681,2021-08-16 04:00:00,0.0001
682,2021-08-16 12:00:00,0.0009550000000000001
683,2021-08-16 20:00:00,0.000453
684,2021-08-17 04:00:00,0.000226
685,2021-08-17 12:00:00,6e-06
686,2021-08-17 20:00:00,0.0001
687,2021-08-18 04:00:00,0.00045700000000000005
688,2021-08-18 12:00:00,0.000471
689,2021-08-18 20:00:00,0.0001
690,2021-08-19 04:00:00,0.0001
691,2021-08-19 12:00:00,0.001073
692,2021-08-19 20:00:00,0.000878
693,2021-08-20 04:00:00,0.001338
694,2021-08-20 12:00:00,0.001696
695,2021-08-20 20:00:00,0.001025
696,2021-08-21 04:00:00,0.001625
697,2021-08-21 12:00:00,0.000901
698,2021-08-21 20:00:00,0.000392
699,2021-08-22 04:00:00,0.00028199999999999997
700,2021-08-22 12:00:00,0.0001
701,2021-08-22 20:00:00,0.000155
702,2021-08-23 04:00:00,-1.8e-05
703,2021-08-23 12:00:00,0.0001
704,2021-08-23 20:00:00,0.001254
705,2021-08-24 04:00:00,0.001033
706,2021-08-24 12:00:00,0.0010279999999999998
707,2021-08-24 20:00:00,0.00074
708,2021-08-25 04:00:00,0.0001
709,2021-08-25 12:00:00,0.0001
710,2021-08-25 20:00:00,0.0001
711,2021-08-26 04:00:00,0.0001
712,2021-08-26 12:00:00,0.0001
713,2021-08-26 20:00:00,0.000401
714,2021-08-27 04:00:00,0.000771
715,2021-08-27 12:00:00,0.000926
716,2021-08-27 20:00:00,0.000949
717,2021-08-28 04:00:00,0.002072
718,2021-08-28 12:00:00,0.000503
719,2021-08-28 20:00:00,0.000491
720,2021-08-29 04:00:00,0.000195
721,2021-08-29 12:00:00,0.000354
722,2021-08-29 20:00:00,0.0001
723,2021-08-30 04:00:00,0.0001
724,2021-08-30 12:00:00,0.000607
725,2021-08-30 20:00:00,0.0001
726,2021-08-31 04:00:00,0.00112
727,2021-08-31 12:00:00,0.000981
728,2021-08-31 20:00:00,0.00107
729,2021-09-01 04:00:00,0.000791
730,2021-09-01 12:00:00,0.000317
731,2021-09-01 20:00:00,0.000254
732,2021-09-02 04:00:00,0.000831
733,2021-09-02 12:00:00,0.001108
734,2021-09-02 20:00:00,0.001446
735,2021-09-03 04:00:00,0.001204
736,2021-09-03 12:00:00,0.00151
737,2021-09-03 20:00:00,0.001809
738,2021-09-04 04:00:00,0.001576
739,2021-09-04 12:00:00,0.0012640000000000001
740,2021-09-04 20:00:00,0.000825
741,2021-09-05 04:00:00,0.000662
742,2021-09-05 12:00:00,0.000793
743,2021-09-05 20:00:00,0.0010400000000000001
744,2021-09-06 04:00:00,0.001702
745,2021-09-06 12:00:00,0.001738
746,2021-09-06 20:00:00,0.000778
747,2021-09-07 04:00:00,0.00045099999999999996
748,2021-09-07 12:00:00,0.000549
749,2021-09-07 20:00:00,0.000178
750,2021-09-08 04:00:00,0.0001
751,2021-09-08 12:00:00,0.00107
752,2021-09-08 20:00:00,0.0013880000000000001
753,2021-09-09 04:00:00,0.001161
754,2021-09-09 12:00:00,0.0016190000000000002
755,2021-09-09 20:00:00,0.0010949999999999998
756,2021-09-10 04:00:00,0.001027
757,2021-09-10 12:00:00,0.00128
758,2021-09-10 20:00:00,0.000825
759,2021-09-11 04:00:00,0.000582
760,2021-09-11 12:00:00,0.000487
761,2021-09-11 20:00:00,0.000923
762,2021-09-12 04:00:00,0.00044699999999999997
763,2021-09-12 12:00:00,0.000867
764,2021-09-12 20:00:00,0.001206
765,2021-09-13 04:00:00,0.000831
766,2021-09-13 12:00:00,0.000526
767,2021-09-13 20:00:00,0.000101
768,2021-09-14 04:00:00,0.0001
769,2021-09-14 12:00:00,0.00023500000000000002
770,2021-09-14 20:00:00,0.001005
771,2021-09-15 04:00:00,0.0007469999999999999
772,2021-09-15 12:00:00,0.00072
773,2021-09-15 20:00:00,0.000596
774,2021-09-16 04:00:00,0.000404
775,2021-09-16 12:00:00,0.0001
776,2021-09-16 20:00:00,0.000288
777,2021-09-17 04:00:00,0.000398
778,2021-09-17 12:00:00,0.000462
779,2021-09-17 20:00:00,0.00025299999999999997
780,2021-09-18 04:00:00,0.0001
781,2021-09-18 12:00:00,0.000149
782,2021-09-18 20:00:00,0.0001
783,2021-09-19 04:00:00,0.0001
784,2021-09-19 12:00:00,0.0001
785,2021-09-19 20:00:00,0.0001
786,2021-09-20 04:00:00,0.0001
787,2021-09-20 12:00:00,0.0001
788,2021-09-20 20:00:00,0.0001
789,2021-09-21 04:00:00,0.0001
790,2021-09-21 12:00:00,0.0007099999999999999
791,2021-09-21 20:00:00,0.0001
792,2021-09-22 04:00:00,0.000936
793,2021-09-22 12:00:00,0.001034
794,2021-09-22 20:00:00,0.0001
795,2021-09-23 04:00:00,0.0001
796,2021-09-23 12:00:00,-5.6999999999999996e-05
797,2021-09-23 20:00:00,9.1e-05
798,2021-09-24 04:00:00,0.0001
799,2021-09-24 12:00:00,-0.00011399999999999999
800,2021-09-24 20:00:00,0.0001
801,2021-09-25 04:00:00,0.0001
802,2021-09-25 12:00:00,-8.7e-05
803,2021-09-25 20:00:00,0.0001
804,2021-09-26 04:00:00,0.0001
805,2021-09-26 12:00:00,0.0001
806,2021-09-26 20:00:00,0.000986
807,2021-09-27 04:00:00,0.000242
808,2021-09-27 12:00:00,0.0001
809,2021-09-27 20:00:00,0.0001
810,2021-09-28 04:00:00,0.0001
811,2021-09-28 12:00:00,0.0001
812,2021-09-28 20:00:00,0.001212
813,2021-09-29 04:00:00,0.000597
814,2021-09-29 12:00:00,0.0001
815,2021-09-29 20:00:00,0.00023500000000000002
816,2021-09-30 04:00:00,0.000723
817,2021-09-30 12:00:00,0.000552
818,2021-09-30 20:00:00,0.00119
819,2021-10-01 04:00:00,0.000724
820,2021-10-01 12:00:00,0.00032599999999999996
821,2021-10-01 20:00:00,0.000195
822,2021-10-02 04:00:00,0.0001
823,2021-10-02 12:00:00,0.0001
824,2021-10-02 20:00:00,0.0001
825,2021-10-03 04:00:00,0.0001
826,2021-10-03 12:00:00,0.0001
827,2021-10-03 20:00:00,0.0001
828,2021-10-04 04:00:00,0.0001
829,2021-10-04 12:00:00,0.0001
830,2021-10-04 20:00:00,0.0001
831,2021-10-05 04:00:00,0.0001
832,2021-10-05 12:00:00,0.000101
833,2021-10-05 20:00:00,0.000134
834,2021-10-06 04:00:00,0.000128
835,2021-10-06 12:00:00,0.00039
836,2021-10-06 20:00:00,0.0001
837,2021-10-07 04:00:00,0.000239
838,2021-10-07 12:00:00,0.0001
839,2021-10-07 20:00:00,0.0001
840,2021-10-08 04:00:00,0.0001
841,2021-10-08 12:00:00,0.00032599999999999996
842,2021-10-08 20:00:00,0.000553
843,2021-10-09 04:00:00,0.000267
844,2021-10-09 12:00:00,0.0001
845,2021-10-09 20:00:00,0.0001
846,2021-10-10 04:00:00,0.0001
847,2021-10-10 12:00:00,0.0001
848,2021-10-10 20:00:00,0.00010700000000000001
849,2021-10-11 04:00:00,0.0001
850,2021-10-11 12:00:00,0.0001
851,2021-10-11 20:00:00,0.000264
852,2021-10-12 04:00:00,0.000397
853,2021-10-12 12:00:00,0.0001
854,2021-10-12 20:00:00,0.0001
855,2021-10-13 04:00:00,0.000302
856,2021-10-13 12:00:00,0.001125
857,2021-10-13 20:00:00,0.00035800000000000003
858,2021-10-14 04:00:00,0.000551
859,2021-10-14 12:00:00,0.001023
860,2021-10-14 20:00:00,0.000655
861,2021-10-15 04:00:00,0.001027
862,2021-10-15 12:00:00,0.000536
863,2021-10-15 20:00:00,0.000526
864,2021-10-16 04:00:00,0.0006
865,2021-10-16 12:00:00,0.00033999999999999997
866,2021-10-16 20:00:00,0.000536
867,2021-10-17 04:00:00,0.0005070000000000001
868,2021-10-17 12:00:00,0.000592
869,2021-10-17 20:00:00,0.000712
870,2021-10-18 04:00:00,0.00026000000000000003
871,2021-10-18 12:00:00,0.000481
872,2021-10-18 20:00:00,0.000492
873,2021-10-19 04:00:00,0.000536
874,2021-10-19 12:00:00,0.0008759999999999999
875,2021-10-19 20:00:00,0.000281
876,2021-10-20 04:00:00,0.000283
877,2021-10-20 12:00:00,0.000324
878,2021-10-20 20:00:00,0.000102
879,2021-10-21 04:00:00,0.001011
880,2021-10-21 12:00:00,0.000782
881,2021-10-21 20:00:00,0.001016
882,2021-10-22 04:00:00,0.000439
883,2021-10-22 12:00:00,0.000437
884,2021-10-22 20:00:00,0.000468
885,2021-10-23 04:00:00,0.0009279999999999999
886,2021-10-23 12:00:00,0.0010689999999999999
887,2021-10-23 20:00:00,0.000475
888,2021-10-24 04:00:00,0.000394
889,2021-10-24 12:00:00,0.0006940000000000001
890,2021-10-24 20:00:00,0.00066
891,2021-10-25 04:00:00,0.000475
892,2021-10-25 12:00:00,0.000567
893,2021-10-25 20:00:00,0.0008060000000000001
894,2021-10-26 04:00:00,0.000523
895,2021-10-26 12:00:00,0.000582
896,2021-10-26 20:00:00,0.00023500000000000002
897,2021-10-27 04:00:00,0.000513
898,2021-10-27 12:00:00,0.000197
899,2021-10-27 20:00:00,0.000585
900,2021-10-28 04:00:00,0.000131
901,2021-10-28 12:00:00,0.000547
902,2021-10-28 20:00:00,0.000547
903,2021-10-29 04:00:00,0.00022400000000000002
904,2021-10-29 12:00:00,0.0009449999999999999
905,2021-10-29 20:00:00,0.0008759999999999999
906,2021-10-30 04:00:00,0.0007610000000000001
907,2021-10-30 12:00:00,0.000671
908,2021-10-30 20:00:00,0.000653
909,2021-10-31 04:00:00,0.000166
910,2021-10-31 12:00:00,0.0007559999999999999
911,2021-10-31 20:00:00,0.0001
912,2021-11-01 04:00:00,0.000363
913,2021-11-01 12:00:00,0.000204
914,2021-11-01 20:00:00,0.000746
915,2021-11-02 04:00:00,0.000655
916,2021-11-02 12:00:00,0.000332
917,2021-11-02 20:00:00,0.00079
918,2021-11-03 04:00:00,0.000731
919,2021-11-03 12:00:00,0.000131
920,2021-11-03 20:00:00,0.00043200000000000004
921,2021-11-04 04:00:00,0.000593
922,2021-11-04 12:00:00,0.0009960000000000001
923,2021-11-04 20:00:00,0.000162
924,2021-11-05 04:00:00,0.0001
925,2021-11-05 12:00:00,0.0001
926,2021-11-05 20:00:00,0.000492
927,2021-11-06 04:00:00,0.00043799999999999997
928,2021-11-06 12:00:00,0.000487
929,2021-11-06 20:00:00,0.0001
930,2021-11-07 04:00:00,0.0001
931,2021-11-07 12:00:00,0.00035499999999999996
932,2021-11-07 20:00:00,0.000401
933,2021-11-08 04:00:00,0.00043799999999999997
934,2021-11-08 12:00:00,0.000252
935,2021-11-08 20:00:00,0.000556
936,2021-11-09 04:00:00,0.00040599999999999995
937,2021-11-09 12:00:00,0.00018700000000000002
938,2021-11-09 20:00:00,0.0001
939,2021-11-10 04:00:00,0.0001
940,2021-11-10 12:00:00,0.00028199999999999997
941,2021-11-10 20:00:00,0.000852
942,2021-11-11 04:00:00,0.000265
943,2021-11-11 12:00:00,0.000225
944,2021-11-11 20:00:00,0.000246
945,2021-11-12 04:00:00,0.0001
946,2021-11-12 12:00:00,0.0001
947,2021-11-12 20:00:00,0.000344
948,2021-11-13 04:00:00,0.0005549999999999999
949,2021-11-13 12:00:00,0.0001
950,2021-11-13 20:00:00,0.00015800000000000002
951,2021-11-14 04:00:00,0.00044699999999999997
952,2021-11-14 12:00:00,0.0001
953,2021-11-14 20:00:00,0.0001
954,2021-11-15 04:00:00,0.0001
955,2021-11-15 12:00:00,0.00031600000000000004
956,2021-11-15 20:00:00,0.00022200000000000003
957,2021-11-16 04:00:00,0.000604
958,2021-11-16 12:00:00,0.0001
959,2021-11-16 20:00:00,0.0001
960,2021-11-17 04:00:00,0.0001
961,2021-11-17 12:00:00,0.000549
962,2021-11-17 20:00:00,0.000798
963,2021-11-18 04:00:00,0.000166
964,2021-11-18 12:00:00,0.000118
965,2021-11-18 20:00:00,0.00047300000000000006
966,2021-11-19 04:00:00,0.0008939999999999999
967,2021-11-19 12:00:00,0.001094
968,2021-11-19 20:00:00,0.0005809999999999999
969,2021-11-20 04:00:00,0.0001
970,2021-11-20 12:00:00,0.0001
971,2021-11-20 20:00:00,0.00040899999999999997
972,2021-11-21 04:00:00,0.000552
973,2021-11-21 12:00:00,0.000389
974,2021-11-21 20:00:00,0.000411
975,2021-11-22 04:00:00,0.000669
976,2021-11-22 12:00:00,0.000393
977,2021-11-22 20:00:00,0.00078
978,2021-11-23 04:00:00,0.000725
979,2021-11-23 12:00:00,0.000465
980,2021-11-23 20:00:00,0.0006889999999999999
981,2021-11-24 04:00:00,0.0010789999999999999
982,2021-11-24 12:00:00,0.000833
983,2021-11-24 20:00:00,0.0008529999999999999
984,2021-11-25 04:00:00,0.000708
985,2021-11-25 12:00:00,0.000454
986,2021-11-25 20:00:00,0.000865
987,2021-11-26 04:00:00,0.001137
988,2021-11-26 12:00:00,0.000721
989,2021-11-26 20:00:00,0.00038199999999999996
990,2021-11-27 04:00:00,0.0001
991,2021-11-27 12:00:00,0.000121
992,2021-11-27 20:00:00,0.000425
993,2021-11-28 04:00:00,0.000121
994,2021-11-28 12:00:00,0.000306
995,2021-11-28 20:00:00,0.001224
996,2021-11-29 04:00:00,0.000621
997,2021-11-29 12:00:00,0.0009339999999999999
998,2021-11-29 20:00:00,0.0008349999999999999
999,2021-11-30 04:00:00,0.0009449999999999999
1000,2021-11-30 12:00:00,0.0002
1001,2021-11-30 20:00:00,0.000583
1002,2021-12-01 04:00:00,0.001003
1003,2021-12-01 12:00:00,0.0006
1004,2021-12-01 20:00:00,0.00015800000000000002
1005,2021-12-02 04:00:00,0.000411
1006,2021-12-02 12:00:00,0.000296
1007,2021-12-02 20:00:00,0.00023999999999999998
1008,2021-12-03 04:00:00,0.000584
1009,2021-12-03 12:00:00,0.000669
1010,2021-12-03 20:00:00,0.00056
1011,2021-12-04 04:00:00,0.000417
1012,2021-12-04 12:00:00,0.000538
1013,2021-12-04 20:00:00,0.0001
1014,2021-12-05 04:00:00,0.00043499999999999995
1015,2021-12-05 12:00:00,0.000254
1016,2021-12-05 20:00:00,0.0001
1017,2021-12-06 04:00:00,0.00043499999999999995
1018,2021-12-06 12:00:00,0.001228
1019,2021-12-06 20:00:00,0.000742
1020,2021-12-07 04:00:00,0.000542
1021,2021-12-07 12:00:00,0.000579
1022,2021-12-07 20:00:00,0.000164
1023,2021-12-08 04:00:00,0.00023700000000000001
1024,2021-12-08 12:00:00,0.000798
1025,2021-12-08 20:00:00,0.00037400000000000004
1026,2021-12-09 04:00:00,0.000908
1027,2021-12-09 12:00:00,0.000701
1028,2021-12-09 20:00:00,0.000383
1029,2021-12-10 04:00:00,0.000614
1030,2021-12-10 12:00:00,0.0008039999999999999
1031,2021-12-10 20:00:00,0.000686
1032,2021-12-11 04:00:00,0.0001
1033,2021-12-11 12:00:00,0.000386
1034,2021-12-11 20:00:00,0.0006360000000000001
1035,2021-12-12 04:00:00,0.000712
1036,2021-12-12 12:00:00,0.0009699999999999999
1037,2021-12-12 20:00:00,0.000453
1038,2021-12-13 04:00:00,0.000637
1039,2021-12-13 12:00:00,0.000307
1040,2021-12-13 20:00:00,0.000592
1041,2021-12-14 04:00:00,0.000641
1042,2021-12-14 12:00:00,0.0001
1043,2021-12-14 20:00:00,0.00043200000000000004
1044,2021-12-15 04:00:00,0.000493
1045,2021-12-15 12:00:00,0.000592
1046,2021-12-15 20:00:00,0.00037400000000000004
1047,2021-12-16 04:00:00,0.00039
1048,2021-12-16 12:00:00,0.00056
1049,2021-12-16 20:00:00,0.00045099999999999996
1050,2021-12-17 04:00:00,0.000306
1051,2021-12-17 12:00:00,0.0002
1052,2021-12-17 20:00:00,0.00038700000000000003
1053,2021-12-18 04:00:00,0.00042199999999999996
1054,2021-12-18 12:00:00,0.000429
1055,2021-12-18 20:00:00,0.000737
1056,2021-12-19 04:00:00,0.00062
1057,2021-12-19 12:00:00,0.00044
1058,2021-12-19 20:00:00,0.00031299999999999996
1059,2021-12-20 04:00:00,0.00021400000000000002
1060,2021-12-20 12:00:00,0.00015900000000000002
1061,2021-12-20 20:00:00,0.00057
1062,2021-12-21 04:00:00,0.000875
1063,2021-12-21 12:00:00,0.000714
1064,2021-12-21 20:00:00,0.00047699999999999994
1065,2021-12-22 04:00:00,0.000713
1066,2021-12-22 12:00:00,0.000549
1067,2021-12-22 20:00:00,0.00035299999999999996
1068,2021-12-23 04:00:00,0.000638
1069,2021-12-23 12:00:00,0.0007740000000000001
1070,2021-12-23 20:00:00,0.0005610000000000001
1071,2021-12-24 04:00:00,0.000651
1072,2021-12-24 12:00:00,0.000608
1073,2021-12-24 20:00:00,0.000393
1074,2021-12-25 04:00:00,0.0005099999999999999
1075,2021-12-25 12:00:00,0.000273
1076,2021-12-25 20:00:00,0.000463
1077,2021-12-26 04:00:00,0.000396
1078,2021-12-26 12:00:00,0.000315
1079,2021-12-26 20:00:00,0.00013000000000000002
1080,2021-12-27 04:00:00,0.00037400000000000004
1081,2021-12-27 12:00:00,0.0007480000000000001
1082,2021-12-27 20:00:00,0.000482
1083,2021-12-28 04:00:00,0.000408
1084,2021-12-28 12:00:00,0.0001
1085,2021-12-28 20:00:00,0.000647
1086,2021-12-29 04:00:00,0.000534
1087,2021-12-29 12:00:00,0.000602
1088,2021-12-29 20:00:00,0.000849
1089,2021-12-30 04:00:00,0.000129
1090,2021-12-30 12:00:00,0.000181
1091,2021-12-30 20:00:00,0.000155
1092,2021-12-31 04:00:00,0.00047400000000000003
1093,2021-12-31 12:00:00,0.0005110000000000001
1094,2021-12-31 20:00:00,0.000425
